,ISIN код,Дата присвоения кода,Параметры ценной бумаги (выпуска),Эмитент,ИНН эмитента,Наименование выпуска/транша,Форма выпуска ценной бумаги,Порядок хранения/учета,Pегистрационный номер,Дата регистрации,Номинальная стоимость каждой ценной бумаги,Валюта номинала,Дата погашения,Параметры ценной бумаги (пая),Наименование фонда,Тип фонда,"Вид, категория, тип ценной бумаги",Регистрационный номер,Управляющая компания,Специализированный депозитарий,Реестродержатель
0,RU000A107D17,11 декабря 2023 г.,Параметры ценной бумаги (выпуска),"Публичное акционерное общество ""Федеральная сетевая компания - Россети""",4716016979,Биржевые облигации процентные неконвертируемые бездокументарные с централизованным учетом прав серии 001P-12R,Бездокументарная,С централизованным учетом,4B02-12-65018-D-001P,4 декабря 2023 г.,1 000.00,Рубли,25 мая 2027 г.,,,,,,,,
1,RU000A107D09,11 декабря 2023 г.,Параметры ценной бумаги (выпуска),"Акционерное общество ""Российский Сельскохозяйственный банк""",7725114488,Биржевые облигации процентные неконвертируемые бездокументарные с централизованным учетом прав ceрии БО-10K-002Р,Бездокументарная,С централизованным учетом,4B02-31-03349-B-002P,11 февраля 2021 г.,1 000.00,Рубли,9 июня 2024 г.,,,,,,,,
2,RU000A107D25,11 декабря 2023 г.,Параметры ценной бумаги (выпуска),"Общество с ограниченной ответственностью ""Специализированное финансовое общество Оптимум Финанс""",9704219846,"Облигации с залоговым обеспечением бездокументарные с централизованным учетом прав, неконвертируемые с залоговым обеспечением денежными требованиями процентные",Бездокументарная,,4-01-00760-R,7 декабря 2023 г.,,Рубли,,,,,,,,,
3,RU000A107CX7,11 декабря 2023 г.,Параметры ценной бумаги (выпуска),"акционерное общество ""Государственная транспортная лизинговая компания""",7720261827,Бездокументарные процентные неконвертируемые облигации с централизованным учетом прав серии ЗО28-Д,Бездокументарная,С централизованным учетом,4-07-32432-H,16 ноября 2023 г.,1 000.00,Доллар США,26 февраля 2028 г.,,,,,,,,
4,RU000A107D33,11 декабря 2023 г.,Параметры ценной бумаги (выпуска),"Общество с ограниченной ответственностью ""ВИС ФИНАНС""",4705081944,Биржевые облигации с обеспечением бездокументарные процентные неконвертируемые с централизованным учетом прав серии БО-П05,Бездокументарная,С централизованным учетом,4B02-05-00554-R-001P,8 декабря 2023 г.,,Рубли,,,,,,,,,
5,RU000A107CW9,11 декабря 2023 г.,Параметры ценной бумаги (выпуска),Банк ВТБ (публичное акционерное общество),7702070139,Биржевые облигации дисконтные неконвертируемые бездокументарные с централизованным учетом прав серии КС-4-608,Бездокументарная,С централизованным учетом,4B02-608-01000-B-005P,24 ноября 2023 г.,1 000.00,Рубли,13 декабря 2023 г.,,,,,,,,
6,RU000A107AX1,30 ноября 2023 г.,Параметры ценной бумаги (выпуска),"Акционерное общество ""Росгеология""",7724294887,Биржевые облигации бездокументарные процентные неконвертируемые с централизованным учетом серии 001Р-02,Бездокументарная,С централизованным учетом,4B02-02-09835-A-001P,24 ноября 2023 г.,1 000.00,Рубли,15 ноября 2026 г.,,,,,,,,
7,RU000A107B19,30 ноября 2023 г.,Параметры ценной бумаги (выпуска),Министерство финансов и налоговой политики Новосибирской области,5406634649,Государственные облигации Новосибирской области 2023 года в форме именных документарных ценных бумаг с фиксированным купонным доходом и амортизацией долга,Документарная именная,Обязательное централизованное хранение,RU35023ANO0,20 ноября 2023 г.,1 000.00,Рубли,22 ноября 2030 г.,,,,,,,,
8,RU000A107AZ6,30 ноября 2023 г.,Параметры ценной бумаги (выпуска),"Общество с ограниченной ответственностью микрофинансовая компания ""Саммит""",7728771940,Биржевые облигации процентные неконвертируемые бездокументарные с централизованным учетом прав серии 001P-02,Бездокументарная,С централизованным учетом,4B02-02-00098-L-001P,14 сентября 2023 г.,1 000.00,Рубли,15 ноября 2026 г.,,,,,,,,
9,RU000A107B43,30 ноября 2023 г.,Параметры ценной бумаги (выпуска),"акционерное общество ""Государственная транспортная лизинговая компания""",7720261827,Бездокументарные процентные неконвертируемые облигации с централизованным учетом прав серии ЗО27-Д,Бездокументарная,С централизованным учетом,4-06-32432-H,16 ноября 2023 г.,1 000.00,Доллар США,10 марта 2027 г.,,,,,,,,
10,RU000A107B35,30 ноября 2023 г.,Параметры ценной бумаги (выпуска),Банк ВТБ (публичное акционерное общество),7702070139,Биржевые облигации процентные неконвертируемые бездокументарные с централизованным учетом прав серии Б-1-346,Бездокументарная,С централизованным учетом,4B02-346-01000-B-001P,23 ноября 2023 г.,1 000.00,Рубли,1 декабря 2026 г.,,,,,,,,
11,RU000A107AW3,30 ноября 2023 г.,Параметры ценной бумаги (выпуска),"Акционерное общество ""Аэрофьюэлз""",7714216826,Биржевые облигации процентные неконвертируемые бездокументарные с централизованным учетом прав серии 002Р-02,Бездокументарная,С централизованным учетом,4B02-02-29449-H-002P,23 ноября 2023 г.,1 000.00,Рубли,27 ноября 2026 г.,,,,,,,,
12,RU000A107B01,30 ноября 2023 г.,Параметры ценной бумаги (выпуска),Банк ВТБ (публичное акционерное общество),7702070139,Биржевые облигации дисконтные неконвертируемые бездокументарные с централизованным учетом прав серии КС-4-601,Бездокументарная,С централизованным учетом,4B02-601-01000-B-005P,24 ноября 2023 г.,1 000.00,Рубли,2 декабря 2023 г.,,,,,,,,
13,RU000A107AL6,29 ноября 2023 г.,Параметры ценной бумаги (выпуска),"акционерное общество ""Государственная транспортная лизинговая компания""",7720261827,Облигации процентные неконвертируемые бездокументарные с централизованным учетом прав серии 003Р-04,Бездокументарная,С централизованным учетом,4-04-32432-H-001P,26 июня 2023 г.,1 000.00,Рубли,30 ноября 2043 г.,,,,,,,,
14,RU000A107AN2,29 ноября 2023 г.,Параметры ценной бумаги (выпуска),"акционерное общество ""Государственная транспортная лизинговая компания""",7720261827,Облигации процентные неконвертируемые бездокументарные с централизованным учетом прав серии 003Р-05,Бездокументарная,С централизованным учетом,4-05-32432-H-001P,26 июня 2023 г.,1 000.00,Рубли,30 ноября 2035 г.,,,,,,,,
15,RU000A107AQ5,29 ноября 2023 г.,Параметры ценной бумаги (выпуска),"акционерное общество ""Государственная транспортная лизинговая компания""",7720261827,Бездокументарные процентные неконвертируемые облигации с централизованным учетом прав серии ЗО26-Д,Бездокументарная,С централизованным учетом,4-05-32432-H,16 ноября 2023 г.,1 000.00,Доллар США,18 февраля 2026 г.,,,,,,,,
16,RU000A107AV5,29 ноября 2023 г.,Параметры ценной бумаги (выпуска),"государственная корпорация развития ""ВЭБ.РФ""",7750004150,Биржевые облигации бездокументарные процентные неконвертируемые с централизованным учетом прав серии ПБО-002Р-К465,Бездокументарная,С централизованным учетом,4B02-07-00004-T-002P,15 ноября 2023 г.,1 000.00,Рубли,28 февраля 2024 г.,,,,,,,,
17,RU000A107AU7,29 ноября 2023 г.,Параметры ценной бумаги (выпуска),"государственная корпорация развития ""ВЭБ.РФ""",7750004150,Биржевые зеленые облигации бездокументарные процентные неконвертируемые с централизованным учетом прав серии ПБО-002Р-39,Бездокументарная,С централизованным учетом,4B02-12-00004-T-002P,27 ноября 2023 г.,1 000.00,Рубли,23 мая 2030 г.,,,,,,,,
18,RU000A107AM4,29 ноября 2023 г.,Параметры ценной бумаги (выпуска),"АКЦИОНЕРНОЕ ОБЩЕСТВО ""АЛЬФА-БАНК""",7728168971,Биржевые облигации процентные неконвертируемые бездокументарные с централизованным учетом прав серии 002Р-25,Бездокументарная,С централизованным учетом,4B02-25-01326-B-002P,27 ноября 2023 г.,1 000.00,Рубли,26 ноября 2026 г.,,,,,,,,
19,RU000A107AS1,29 ноября 2023 г.,Параметры ценной бумаги (выпуска),"""Газпромбанк"" (Акционерное общество)",7744001497,Биржевые облигации процентные неконвертируемые бездокументарные с централизованным учетом прав серии 004P-01,Бездокументарная,,4B02-01-00354-B-004P,23 ноября 2023 г.,,Рубли,,,,,,,,,
20,RU000A107AK8,28 ноября 2023 г.,Параметры ценной бумаги (выпуска),"государственная корпорация развития ""ВЭБ.РФ""",7750004150,Биржевые облигации бездокументарные процентные неконвертируемые с централизованным учетом прав серии ПБО-002Р-К464,Бездокументарная,С централизованным учетом,4B02-06-00004-T-002P,15 ноября 2023 г.,1 000.00,Рубли,27 февраля 2024 г.,,,,,,,,
21,RU000A107AJ0,28 ноября 2023 г.,Параметры ценной бумаги (выпуска),"Общество с ограниченной ответственностью ""ИКС 5 ФИНАНС""",7715630469,Бездокументарные процентные неконвертируемые биржевые облигации с обеспечением с централизованным учетом прав серии 003Р-03,Бездокументарная,С централизованным учетом,4B02-03-36241-R-003P,24 ноября 2023 г.,,Рубли,,,,,,,,,
22,RU000A107AG6,28 ноября 2023 г.,Параметры ценной бумаги (выпуска),"Публичное акционерное общество ""Россети Центр""",6901067107,Биржевые облигации процентные неконвертируемые бездокументарные с централизованным учетом прав серии 001P-03,Бездокументарная,С централизованным учетом,4B02-03-10214-A-001P,27 ноября 2023 г.,,Рубли,,,,,,,,,
23,RU000A107AB7,28 ноября 2023 г.,Параметры ценной бумаги (выпуска),"Общество с ограниченной ответственностью ""Нерюнгри-Металлик""",1434024359,Облигации бездокументарные процентные неконвертируемые с централизованным учетом прав серии ЗО-2024,Бездокументарная,С централизованным учетом,4-01-00745-R,26 октября 2023 г.,1 000.00,Доллар США,9 октября 2024 г.,,,,,,,,
24,RU000A107AC5,28 ноября 2023 г.,,,,,,,,13 ноября 2023 г.,,,,Параметры ценной бумаги (пая),"Закрытый паевой инвестиционный фонд рыночных финансовых инструментов ""Заблокированные активы паевого инвестиционного фонда ""Первая - Долларовые облигации""""",закрытый,Инвестиционные паи,5780,"АО УК ""Первая""","АО ""Специализированный депозитарий ""ИНФИНИТУМ""",
25,RU000A107A77,28 ноября 2023 г.,,,,,,,,13 ноября 2023 г.,,,,Параметры ценной бумаги (пая),"Закрытый паевой инвестиционный фонд финансовых инструментов ""Заблокированные активы паевого инвестиционного фонда ""Валютные облигации""""",закрытый,Инвестиционные паи,5783-СД,"АО УК ""Первая""","АО ""Специализированный депозитарий ""ИНФИНИТУМ""",
26,RU000A107A93,28 ноября 2023 г.,Параметры ценной бумаги (выпуска),"Общество с ограниченной ответственностью ""Сибнефтехимтрейд""",7206033362,Биржевые облигации бездокументарные процентные неконвертируемые с централизованным учетом прав серии БО-03,Бездокументарная,С централизованным учетом,4B02-01-00010-L,31 августа 2023 г.,1 000.00,Рубли,3 ноября 2028 г.,,,,,,,,
27,RU000A107A69,28 ноября 2023 г.,Параметры ценной бумаги (выпуска),"АКЦИОНЕРНОЕ ОБЩЕСТВО ""АЛЬФА-БАНК""",7728168971,Бездокументарные процентные неконвертируемые облигации с централизованным учетом прав серии ЗО-02,Бездокументарная,С централизованным учетом,4-09-01326-B,21 сентября 2023 г.,,Рубли,,,,,,,,,
28,RU000A1079Z1,27 ноября 2023 г.,Параметры ценной бумаги (выпуска),"публично-правовая компания ""Фонд развития территорий""",7704446429,Процентные неконвертируемые бездокументарные облигации с централизованным учетом прав серии 001P-30,Бездокументарная,С централизованным учетом,4-30-00014-T-001P,4 сентября 2023 г.,1 000.00,Рубли,28 ноября 2048 г.,,,,,,,,
29,RU000A1079X6,27 ноября 2023 г.,Параметры ценной бумаги (выпуска),"публично-правовая компания ""Фонд развития территорий""",7704446429,Процентные неконвертируемые бездокументарные облигации с централизованным учетом прав серии 001P-29,Бездокументарная,С централизованным учетом,4-29-00014-T-001P,4 сентября 2023 г.,1 000.00,Рубли,28 ноября 2048 г.,,,,,,,,
30,RU000A1079S6,27 ноября 2023 г.,Параметры ценной бумаги (выпуска),"Акционерное общество ""Холдинговая компания ""МЕТАЛЛОИНВЕСТ""",7705392230,Биржевые облигации процентные неконвертируемые бездокументарные с централизованным учетом прав серии 001P-06,Бездокументарная,С централизованным учетом,4B02-06-25642-H-001P,21 ноября 2023 г.,1 000.00,Рубли,23 ноября 2027 г.,,,,,,,,
31,RU000A107A28,27 ноября 2023 г.,Параметры ценной бумаги (выпуска),"""Газпромбанк"" (Акционерное общество)",7744001497,Биржевые зеленые облигации бездокументарные процентные неконвертируемые с централизованным учетом прав серии 005P-01P,Бездокументарная,С централизованным учетом,4B02-01-00354-B-005P,23 ноября 2023 г.,1 000.00,Рубли,28 ноября 2026 г.,,,,,,,,
32,RU000A1079N7,24 ноября 2023 г.,,,,,,,,17 июля 2023 г.,,,,Параметры ценной бумаги (пая),"Открытый паевой инвестиционный фонд рыночных финансовых инструментов ""Облигации. Рантье""",открытый,Инвестиционные паи,5496,АО ВИМ Инвестиции,"ООО ""СДК ""Гарант""",
33,RU000A1079M9,24 ноября 2023 г.,,,,,,,,17 июля 2023 г.,,,,Параметры ценной бумаги (пая),"Открытый паевой инвестиционный фонд рыночных финансовых инструментов ""Новые валютные облигации""",открытый,Инвестиционные паи,5497,АО ВИМ Инвестиции,"ООО ""СДК ""Гарант""",
34,RU000A1079E6,24 ноября 2023 г.,Параметры ценной бумаги (выпуска),"Общество с ограниченной ответственностью ""ТЕРРА ПЛАСТ""",7802555585,Коммерческие облигации бездокументарные с централизованным учетом прав неконвертируемые процентные серии КО-П02,Бездокументарная,С централизованным учетом,4CDE-02-00558-R-001P,4 сентября 2023 г.,1 000.00,Рубли,11 ноября 2026 г.,,,,,,,,
35,RU000A1079H9,24 ноября 2023 г.,Параметры ценной бумаги (выпуска),"Общество с ограниченной ответственностью ""Роял Капитал""",4025428684,Биржевые облигации бездокументарные процентные неконвертируемые с централизованным учетом прав серии БО-П10,Бездокументарная,С централизованным учетом,4B02-10-00382-R-001P,22 ноября 2023 г.,1 000.00,Рубли,24 ноября 2026 г.,,,,,,,,
36,RU000A1079G1,24 ноября 2023 г.,Параметры ценной бумаги (выпуска),"Акционерное общество Микрофинансовая компания ""Мани Капитал""",6316103050,Биржевые облигации процентные неконвертируемые бездокументарные с централизованным учетом прав серии 001P-02,Бездокументарная,С централизованным учетом,4B02-02-05736-P-001P,16 ноября 2023 г.,1 000.00,Рубли,12 ноября 2026 г.,,,,,,,,
37,RU000A1079D8,24 ноября 2023 г.,Параметры ценной бумаги (выпуска),"Публичное акционерное общество ""Сбербанк России""",7707083893,Биржевые облигации бездокументарные процентные неконвертируемые с централизованным учетом прав серии 002P-SBER46,Бездокументарная,С централизованным учетом,4B02-04-01481-B-002P,23 ноября 2023 г.,,Рубли,,,,,,,,,
38,RU000A1079C0,24 ноября 2023 г.,Параметры ценной бумаги (выпуска),"Публичное акционерное общество ""Сбербанк России""",7707083893,Биржевые облигации бездокументарные процентные неконвертируемые с централизованным учетом прав серии 002P-SBER45,Бездокументарная,С централизованным учетом,4B02-03-01481-B-002P,23 ноября 2023 г.,,Рубли,,,,,,,,,
39,RU000A1079B2,24 ноября 2023 г.,Параметры ценной бумаги (выпуска),"Публичное акционерное общество ""Сбербанк России""",7707083893,Биржевые облигации бездокументарные процентные неконвертируемые с централизованным учетом прав серии ИОС_PRT_SBER-18M-001Р-596R,Бездокументарная,С централизованным учетом,4B02-626-01481-B-001P,23 ноября 2023 г.,,Рубли,,,,,,,,,
40,RU000A107985,23 ноября 2023 г.,Параметры ценной бумаги (выпуска),"Публичное акционерное общество ""Сбербанк России""",7707083893,Биржевые облигации бездокументарные процентные неконвертируемые с централизованным учетом прав серии ИОС_PRTACm_MOEXFN-5Y-001Р-595R,Бездокументарная,С централизованным учетом,4B02-625-01481-B-001P,22 ноября 2023 г.,,Рубли,,,,,,,,,
41,RU000A107977,23 ноября 2023 г.,Параметры ценной бумаги (выпуска),"АКЦИОНЕРНОЕ ОБЩЕСТВО ""АЛЬФА-БАНК""",7728168971,Биржевые облигации процентные и дисконтные неконвертируемые бездокументарные с централизованным учетом прав серии 001Р-10,Бездокументарная,С централизованным учетом,4B02-10-01326-B-001P,21 ноября 2023 г.,,Рубли,,,,,,,,,
42,RU000A1078Y6,22 ноября 2023 г.,Параметры ценной бумаги (выпуска),"общество с ограниченной ответственностью ""ЭкономЛизинг""",6455041925,Биржевые облигации бездокументарные процентные неконвертируемые с централизованным учетом прав серии 001P-06,Бездокументарная,С централизованным учетом,4B02-06-00461-R-001P,17 ноября 2023 г.,1 000.00,Рубли,19 ноября 2026 г.,,,,,,,,
43,RU000A107910,22 ноября 2023 г.,Параметры ценной бумаги (выпуска),"Публичное акционерное общество ""Ростелеком""",7707049388,Биржевые облигации бездокументарные процентные неконвертируемые с централизованным учетом прав серии 002P-13R,Бездокументарная,С централизованным учетом,4B02-13-00124-A-002P,20 ноября 2023 г.,1 000.00,Рубли,20 февраля 2026 г.,,,,,,,,
44,RU000A1078Z3,22 ноября 2023 г.,Параметры ценной бумаги (выпуска),"публично-правовая компания по формированию комплексной системы обращения с твёрдыми коммунальными отходами ""Российский экологический оператор""",7703474222,Облигации неконвертируемые процентные бездокументарные с централизованным учетом прав серии 08-КИ с залоговым обеспечением денежными требованиями,Бездокументарная,С централизованным учетом,4-07-00009-T,7 ноября 2023 г.,3 517 818 000.00,Рубли,30 сентября 2035 г.,,,,,,,,
45,RU000A107936,22 ноября 2023 г.,Параметры ценной бумаги (выпуска),"открытое акционерное общество ""Российские железные дороги""",7708503727,Биржевые облигации процентные неконвертируемые бездокументарные с централизованным учетом прав серии 001P-29R,Бездокументарная,С централизованным учетом,4B02-29-65045-D-001P,20 ноября 2023 г.,1 000.00,Рубли,15 ноября 2030 г.,,,,,,,,
46,RU000A0P1UC3,21 ноября 2023 г.,Параметры ценной бумаги (выпуска),Банк ВТБ (публичное акционерное общество),7702070139,Cтруктурные процентные дисконтные неконвертируемые бездокументарные облигации с централизованным учетом прав серии С-1-840,Бездокументарная,С централизованным учетом,6-840-01000-B-001P,16 ноября 2023 г.,1 000.00,Рубли,,,,,,,,,
47,RU000A0P1UB5,21 ноября 2023 г.,Параметры ценной бумаги (выпуска),Банк ВТБ (публичное акционерное общество),7702070139,Cтруктурные процентные дисконтные неконвертируемые бездокументарные облигации с централизованным учетом прав серии С-1-839,Бездокументарная,С централизованным учетом,6-839-01000-B-001P,16 ноября 2023 г.,1 000.00,Рубли,,,,,,,,,
48,RU000A0P1UA7,21 ноября 2023 г.,Параметры ценной бумаги (выпуска),Банк ВТБ (публичное акционерное общество),7702070139,Cтруктурные процентные дисконтные неконвертируемые бездокументарные облигации с централизованным учетом прав серии С-1-838,Бездокументарная,С централизованным учетом,6-838-01000-B-001P,16 ноября 2023 г.,1 000.00,Рубли,,,,,,,,,
49,RU000A0P1U99,21 ноября 2023 г.,Параметры ценной бумаги (выпуска),Банк ВТБ (публичное акционерное общество),7702070139,Cтруктурные процентные дисконтные неконвертируемые бездокументарные облигации с централизованным учетом прав серии С-1-837,Бездокументарная,С централизованным учетом,6-837-01000-B-001P,16 ноября 2023 г.,1 000.00,Рубли,,,,,,,,,
50,RU000A0P1U81,21 ноября 2023 г.,Параметры ценной бумаги (выпуска),Банк ВТБ (публичное акционерное общество),7702070139,Cтруктурные процентные дисконтные неконвертируемые бездокументарные облигации с централизованным учетом прав серии С-1-836,Бездокументарная,С централизованным учетом,6-836-01000-B-001P,16 ноября 2023 г.,1 000.00,Рубли,,,,,,,,,
51,RU000A0P1U73,21 ноября 2023 г.,Параметры ценной бумаги (выпуска),Банк ВТБ (публичное акционерное общество),7702070139,Cтруктурные процентные дисконтные неконвертируемые бездокументарные облигации с централизованным учетом прав серии С-1-835,Бездокументарная,С централизованным учетом,6-835-01000-B-001P,16 ноября 2023 г.,1 000.00,Рубли,,,,,,,,,
52,RU000A0P1U65,21 ноября 2023 г.,Параметры ценной бумаги (выпуска),Банк ВТБ (публичное акционерное общество),7702070139,Cтруктурные процентные дисконтные неконвертируемые бездокументарные облигации с централизованным учетом прав серии С-1-834,Бездокументарная,С централизованным учетом,6-834-01000-B-001P,16 ноября 2023 г.,1 000.00,Рубли,,,,,,,,,
53,RU000A0P1U57,21 ноября 2023 г.,Параметры ценной бумаги (выпуска),Банк ВТБ (публичное акционерное общество),7702070139,Cтруктурные процентные дисконтные неконвертируемые бездокументарные облигации с централизованным учетом прав серии С-1-833,Бездокументарная,С централизованным учетом,6-833-01000-B-001P,16 ноября 2023 г.,1 000.00,Рубли,,,,,,,,,
54,RU000A0P1U40,21 ноября 2023 г.,Параметры ценной бумаги (выпуска),Банк ВТБ (публичное акционерное общество),7702070139,Cтруктурные процентные дисконтные неконвертируемые бездокументарные облигации с централизованным учетом прав серии С-1-832,Бездокументарная,С централизованным учетом,6-832-01000-B-001P,16 ноября 2023 г.,1 000.00,Рубли,,,,,,,,,
55,RU000A0P1U32,21 ноября 2023 г.,Параметры ценной бумаги (выпуска),Банк ВТБ (публичное акционерное общество),7702070139,Cтруктурные процентные дисконтные неконвертируемые бездокументарные облигации с централизованным учетом прав серии С-1-831,Бездокументарная,С централизованным учетом,6-831-01000-B-001P,16 ноября 2023 г.,1 000.00,Рубли,,,,,,,,,
56,RU000A0P1U24,21 ноября 2023 г.,Параметры ценной бумаги (выпуска),Банк ВТБ (публичное акционерное общество),7702070139,Cтруктурные процентные дисконтные неконвертируемые бездокументарные облигации с централизованным учетом прав серии С-1-830,Бездокументарная,С централизованным учетом,6-830-01000-B-001P,16 ноября 2023 г.,1 000.00,Рубли,,,,,,,,,
57,RU000A0P1U16,21 ноября 2023 г.,Параметры ценной бумаги (выпуска),Банк ВТБ (публичное акционерное общество),7702070139,Cтруктурные процентные дисконтные неконвертируемые бездокументарные облигации с централизованным учетом прав серии С-1-829,Бездокументарная,С централизованным учетом,6-829-01000-B-001P,16 ноября 2023 г.,1 000.00,Рубли,,,,,,,,,
58,RU000A0P1U08,21 ноября 2023 г.,Параметры ценной бумаги (выпуска),Банк ВТБ (публичное акционерное общество),7702070139,Cтруктурные процентные дисконтные неконвертируемые бездокументарные облигации с централизованным учетом прав серии С-1-828,Бездокументарная,С централизованным учетом,6-828-01000-B-001P,16 ноября 2023 г.,1 000.00,Рубли,,,,,,,,,
59,RU000A0P1TZ6,21 ноября 2023 г.,Параметры ценной бумаги (выпуска),Банк ВТБ (публичное акционерное общество),7702070139,Cтруктурные процентные дисконтные неконвертируемые бездокументарные облигации с централизованным учетом прав серии С-1-827,Бездокументарная,С централизованным учетом,6-827-01000-B-001P,16 ноября 2023 г.,1 000.00,Рубли,,,,,,,,,
60,RU000A0P1TY9,21 ноября 2023 г.,Параметры ценной бумаги (выпуска),Банк ВТБ (публичное акционерное общество),7702070139,Cтруктурные процентные дисконтные неконвертируемые бездокументарные облигации с централизованным учетом прав серии С-1-826,Бездокументарная,С централизованным учетом,6-826-01000-B-001P,16 ноября 2023 г.,1 000.00,Рубли,,,,,,,,,
61,RU000A0P1TX1,21 ноября 2023 г.,Параметры ценной бумаги (выпуска),Банк ВТБ (публичное акционерное общество),7702070139,Cтруктурные процентные дисконтные неконвертируемые бездокументарные облигации с централизованным учетом прав серии С-1-825,Бездокументарная,С централизованным учетом,6-825-01000-B-001P,16 ноября 2023 г.,1 000.00,Рубли,,,,,,,,,
62,RU000A0P1TW3,21 ноября 2023 г.,Параметры ценной бумаги (выпуска),Банк ВТБ (публичное акционерное общество),7702070139,Cтруктурные процентные дисконтные неконвертируемые бездокументарные облигации с централизованным учетом прав серии С-1-824,Бездокументарная,С централизованным учетом,6-824-01000-B-001P,16 ноября 2023 г.,1 000.00,Рубли,,,,,,,,,
63,RU000A0P1TV5,21 ноября 2023 г.,Параметры ценной бумаги (выпуска),Банк ВТБ (публичное акционерное общество),7702070139,Cтруктурные процентные дисконтные неконвертируемые бездокументарные облигации с централизованным учетом прав серии С-1-823,Бездокументарная,С централизованным учетом,6-823-01000-B-001P,16 ноября 2023 г.,1 000.00,Рубли,,,,,,,,,
64,RU000A0P1TU7,21 ноября 2023 г.,Параметры ценной бумаги (выпуска),Банк ВТБ (публичное акционерное общество),7702070139,Cтруктурные процентные дисконтные неконвертируемые бездокументарные облигации с централизованным учетом прав серии С-1-822,Бездокументарная,С централизованным учетом,6-822-01000-B-001P,16 ноября 2023 г.,1 000.00,Рубли,,,,,,,,,
65,RU000A0P1TT9,21 ноября 2023 г.,Параметры ценной бумаги (выпуска),Банк ВТБ (публичное акционерное общество),7702070139,Cтруктурные процентные дисконтные неконвертируемые бездокументарные облигации с централизованным учетом прав серии С-1-821,Бездокументарная,С централизованным учетом,6-821-01000-B-001P,16 ноября 2023 г.,1 000.00,Рубли,,,,,,,,,
66,RU000A1078X8,21 ноября 2023 г.,Параметры ценной бумаги (выпуска),"Общество с ограниченной ответственностью ""ДиректЛизинг""",7709673048,Биржевые облигации процентные неконвертируемые бездокументарные с централизованным учетом прав серии 002Р-02,Бездокументарная,С централизованным учетом,4B02-02-00308-R-002P,15 ноября 2023 г.,1 000.00,Рубли,27 октября 2028 г.,,,,,,,,
67,RU000A1078V2,21 ноября 2023 г.,Параметры ценной бумаги (выпуска),"акционерное общество ""Государственная транспортная лизинговая компания""",7720261827,Бездокументарные процентные неконвертируемые облигации с централизованным учетом прав серии ЗО25-Д,Бездокументарная,С централизованным учетом,4-04-32432-H,16 ноября 2023 г.,1 000.00,Доллар США,17 апреля 2025 г.,,,,,,,,
68,RU000A1078W0,21 ноября 2023 г.,Параметры ценной бумаги (выпуска),"Государственная компания ""Российские автомобильные дороги""",7717151380,Облигации процентные неконвертируемые бездокументарные с централизованным учетом прав серии 004Р-07,Бездокументарная,С централизованным учетом,4-07-00011-T-004P,30 октября 2023 г.,1 000.00,Рубли,23 октября 2047 г.,,,,,,,,
69,RU000A0P1NY2,17 ноября 2023 г.,Параметры ценной бумаги (выпуска),"АКЦИОНЕРНОЕ ОБЩЕСТВО ""АЛЬФА-БАНК""",7728168971,Структурные процентные неконвертируемые бездокументарные облигации с централизованным учетом прав серии С-1-290,Бездокументарная,С централизованным учетом,6-290-01326-B-001P,9 ноября 2023 г.,1 000.00,Рубли,,,,,,,,,
70,RU000A0P1NX4,17 ноября 2023 г.,Параметры ценной бумаги (выпуска),"АКЦИОНЕРНОЕ ОБЩЕСТВО ""АЛЬФА-БАНК""",7728168971,Структурные процентные неконвертируемые бездокументарные облигации с централизованным учетом прав серии С-1-289,Бездокументарная,С централизованным учетом,6-289-01326-B-001P,9 ноября 2023 г.,1 000.00,Рубли,,,,,,,,,
71,RU000A0P1NW6,17 ноября 2023 г.,Параметры ценной бумаги (выпуска),"АКЦИОНЕРНОЕ ОБЩЕСТВО ""АЛЬФА-БАНК""",7728168971,Структурные процентные неконвертируемые бездокументарные облигации с централизованным учетом прав серии С-1-288,Бездокументарная,С централизованным учетом,6-288-01326-B-001P,9 ноября 2023 г.,1 000.00,Рубли,,,,,,,,,
72,RU000A0P1NV8,17 ноября 2023 г.,Параметры ценной бумаги (выпуска),"АКЦИОНЕРНОЕ ОБЩЕСТВО ""АЛЬФА-БАНК""",7728168971,Структурные процентные неконвертируемые бездокументарные облигации с централизованным учетом прав серии С-1-287,Бездокументарная,С централизованным учетом,6-287-01326-B-001P,9 ноября 2023 г.,1 000.00,Рубли,,,,,,,,,
73,RU000A0P1NU0,17 ноября 2023 г.,Параметры ценной бумаги (выпуска),"АКЦИОНЕРНОЕ ОБЩЕСТВО ""АЛЬФА-БАНК""",7728168971,Структурные процентные неконвертируемые бездокументарные облигации с централизованным учетом прав серии С-1-286,Бездокументарная,С централизованным учетом,6-286-01326-B-001P,9 ноября 2023 г.,1 000.00,Рубли,,,,,,,,,
74,RU000A0P1NT2,17 ноября 2023 г.,Параметры ценной бумаги (выпуска),"АКЦИОНЕРНОЕ ОБЩЕСТВО ""АЛЬФА-БАНК""",7728168971,Структурные процентные неконвертируемые бездокументарные облигации с централизованным учетом прав серии С-1-285,Бездокументарная,С централизованным учетом,6-285-01326-B-001P,9 ноября 2023 г.,1 000.00,Рубли,,,,,,,,,
75,RU000A0P1NS4,17 ноября 2023 г.,Параметры ценной бумаги (выпуска),"АКЦИОНЕРНОЕ ОБЩЕСТВО ""АЛЬФА-БАНК""",7728168971,Структурные процентные неконвертируемые бездокументарные облигации с централизованным учетом прав серии С-1-284,Бездокументарная,С централизованным учетом,6-284-01326-B-001P,9 ноября 2023 г.,1 000.00,Рубли,,,,,,,,,
76,RU000A0P1NR6,17 ноября 2023 г.,Параметры ценной бумаги (выпуска),"АКЦИОНЕРНОЕ ОБЩЕСТВО ""АЛЬФА-БАНК""",7728168971,Структурные процентные неконвертируемые бездокументарные облигации с централизованным учетом прав серии С-1-283,Бездокументарная,С централизованным учетом,6-283-01326-B-001P,9 ноября 2023 г.,1 000.00,Рубли,,,,,,,,,
77,RU000A0P1NQ8,17 ноября 2023 г.,Параметры ценной бумаги (выпуска),"АКЦИОНЕРНОЕ ОБЩЕСТВО ""АЛЬФА-БАНК""",7728168971,Структурные процентные неконвертируемые бездокументарные облигации с централизованным учетом прав серии С-1-282,Бездокументарная,С централизованным учетом,6-282-01326-B-001P,9 ноября 2023 г.,1 000.00,Рубли,,,,,,,,,
78,RU000A0P1NP0,17 ноября 2023 г.,Параметры ценной бумаги (выпуска),"АКЦИОНЕРНОЕ ОБЩЕСТВО ""АЛЬФА-БАНК""",7728168971,Структурные процентные неконвертируемые бездокументарные облигации с централизованным учетом прав серии С-1-281,Бездокументарная,С централизованным учетом,6-281-01326-B-001P,9 ноября 2023 г.,1 000.00,Рубли,,,,,,,,,
79,RU000A0P1NN5,17 ноября 2023 г.,Параметры ценной бумаги (выпуска),"АКЦИОНЕРНОЕ ОБЩЕСТВО ""АЛЬФА-БАНК""",7728168971,Структурные процентные неконвертируемые бездокументарные облигации с централизованным учетом прав серии С-1-280,Бездокументарная,С централизованным учетом,6-280-01326-B-001P,9 ноября 2023 г.,1 000.00,Рубли,,,,,,,,,
80,RU000A0P1NM7,17 ноября 2023 г.,Параметры ценной бумаги (выпуска),"АКЦИОНЕРНОЕ ОБЩЕСТВО ""АЛЬФА-БАНК""",7728168971,Структурные процентные неконвертируемые бездокументарные облигации с централизованным учетом прав серии С-1-279,Бездокументарная,С централизованным учетом,6-279-01326-B-001P,9 ноября 2023 г.,1 000.00,Рубли,,,,,,,,,
81,RU000A0P1NL9,17 ноября 2023 г.,Параметры ценной бумаги (выпуска),"АКЦИОНЕРНОЕ ОБЩЕСТВО ""АЛЬФА-БАНК""",7728168971,Структурные процентные неконвертируемые бездокументарные облигации с централизованным учетом прав серии С-1-278,Бездокументарная,С централизованным учетом,6-278-01326-B-001P,9 ноября 2023 г.,1 000.00,Рубли,,,,,,,,,
82,RU000A0P1NK1,17 ноября 2023 г.,Параметры ценной бумаги (выпуска),"АКЦИОНЕРНОЕ ОБЩЕСТВО ""АЛЬФА-БАНК""",7728168971,Структурные процентные неконвертируемые бездокументарные облигации с централизованным учетом прав серии С-1-277,Бездокументарная,С централизованным учетом,6-277-01326-B-001P,9 ноября 2023 г.,1 000.00,Рубли,,,,,,,,,
83,RU000A0P1NJ3,17 ноября 2023 г.,Параметры ценной бумаги (выпуска),"АКЦИОНЕРНОЕ ОБЩЕСТВО ""АЛЬФА-БАНК""",7728168971,Структурные процентные неконвертируемые бездокументарные облигации с централизованным учетом прав серии С-1-276,Бездокументарная,С централизованным учетом,6-276-01326-B-001P,9 ноября 2023 г.,1 000.00,Рубли,,,,,,,,,
84,RU000A0P1NH7,17 ноября 2023 г.,Параметры ценной бумаги (выпуска),"АКЦИОНЕРНОЕ ОБЩЕСТВО ""АЛЬФА-БАНК""",7728168971,Структурные процентные неконвертируемые бездокументарные облигации с централизованным учетом прав серии С-1-275,Бездокументарная,С централизованным учетом,6-275-01326-B-001P,9 ноября 2023 г.,1 000.00,Рубли,,,,,,,,,
85,RU000A0P1NG9,17 ноября 2023 г.,Параметры ценной бумаги (выпуска),"АКЦИОНЕРНОЕ ОБЩЕСТВО ""АЛЬФА-БАНК""",7728168971,Структурные процентные неконвертируемые бездокументарные облигации с централизованным учетом прав серии С-1-274,Бездокументарная,С централизованным учетом,6-274-01326-B-001P,9 ноября 2023 г.,1 000.00,Рубли,,,,,,,,,
86,RU000A0P1NF1,17 ноября 2023 г.,Параметры ценной бумаги (выпуска),"АКЦИОНЕРНОЕ ОБЩЕСТВО ""АЛЬФА-БАНК""",7728168971,Структурные процентные неконвертируемые бездокументарные облигации с централизованным учетом прав серии С-1-273,Бездокументарная,С централизованным учетом,6-273-01326-B-001P,9 ноября 2023 г.,1 000.00,Рубли,,,,,,,,,
87,RU000A0P1NE4,17 ноября 2023 г.,Параметры ценной бумаги (выпуска),"АКЦИОНЕРНОЕ ОБЩЕСТВО ""АЛЬФА-БАНК""",7728168971,Структурные процентные неконвертируемые бездокументарные облигации с централизованным учетом прав серии С-1-272,Бездокументарная,С централизованным учетом,6-272-01326-B-001P,9 ноября 2023 г.,1 000.00,Рубли,,,,,,,,,
88,RU000A0P1ND6,17 ноября 2023 г.,Параметры ценной бумаги (выпуска),"АКЦИОНЕРНОЕ ОБЩЕСТВО ""АЛЬФА-БАНК""",7728168971,Структурные процентные неконвертируемые бездокументарные облигации с централизованным учетом прав серии С-1-271,Бездокументарная,С централизованным учетом,6-271-01326-B-001P,9 ноября 2023 г.,1 000.00,Рубли,,,,,,,,,
89,RU000A0P1NC8,17 ноября 2023 г.,Параметры ценной бумаги (выпуска),"АКЦИОНЕРНОЕ ОБЩЕСТВО ""АЛЬФА-БАНК""",7728168971,Структурные процентные неконвертируемые бездокументарные облигации с централизованным учетом прав серии С-1-270,Бездокументарная,С централизованным учетом,6-270-01326-B-001P,9 ноября 2023 г.,1 000.00,Рубли,,,,,,,,,
90,RU000A0P1NB0,17 ноября 2023 г.,Параметры ценной бумаги (выпуска),"АКЦИОНЕРНОЕ ОБЩЕСТВО ""АЛЬФА-БАНК""",7728168971,Структурные процентные неконвертируемые бездокументарные облигации с централизованным учетом прав серии С-1-269,Бездокументарная,С централизованным учетом,6-269-01326-B-001P,9 ноября 2023 г.,1 000.00,Рубли,,,,,,,,,
91,RU000A0P1NA2,17 ноября 2023 г.,Параметры ценной бумаги (выпуска),"АКЦИОНЕРНОЕ ОБЩЕСТВО ""АЛЬФА-БАНК""",7728168971,Структурные процентные неконвертируемые бездокументарные облигации с централизованным учетом прав серии С-1-268,Бездокументарная,С централизованным учетом,6-268-01326-B-001P,9 ноября 2023 г.,1 000.00,Рубли,,,,,,,,,
92,RU000A0P1N98,17 ноября 2023 г.,Параметры ценной бумаги (выпуска),"АКЦИОНЕРНОЕ ОБЩЕСТВО ""АЛЬФА-БАНК""",7728168971,Структурные процентные неконвертируемые бездокументарные облигации с централизованным учетом прав серии С-1-267,Бездокументарная,С централизованным учетом,6-267-01326-B-001P,9 ноября 2023 г.,1 000.00,Рубли,,,,,,,,,
93,RU000A0P1N80,17 ноября 2023 г.,Параметры ценной бумаги (выпуска),"АКЦИОНЕРНОЕ ОБЩЕСТВО ""АЛЬФА-БАНК""",7728168971,Структурные процентные неконвертируемые бездокументарные облигации с централизованным учетом прав серии С-1-266,Бездокументарная,С централизованным учетом,6-266-01326-B-001P,9 ноября 2023 г.,1 000.00,Рубли,,,,,,,,,
94,RU000A0P1N72,17 ноября 2023 г.,Параметры ценной бумаги (выпуска),"АКЦИОНЕРНОЕ ОБЩЕСТВО ""АЛЬФА-БАНК""",7728168971,Структурные процентные неконвертируемые бездокументарные облигации с централизованным учетом прав серии С-1-265,Бездокументарная,С централизованным учетом,6-265-01326-B-001P,9 ноября 2023 г.,1 000.00,Рубли,,,,,,,,,
95,RU000A0P1N64,17 ноября 2023 г.,Параметры ценной бумаги (выпуска),"АКЦИОНЕРНОЕ ОБЩЕСТВО ""АЛЬФА-БАНК""",7728168971,Структурные процентные неконвертируемые бездокументарные облигации с централизованным учетом прав серии С-1-264,Бездокументарная,С централизованным учетом,6-264-01326-B-001P,9 ноября 2023 г.,1 000.00,Рубли,,,,,,,,,
96,RU000A0P1N56,17 ноября 2023 г.,Параметры ценной бумаги (выпуска),"АКЦИОНЕРНОЕ ОБЩЕСТВО ""АЛЬФА-БАНК""",7728168971,Структурные процентные неконвертируемые бездокументарные облигации с централизованным учетом прав серии С-1-263,Бездокументарная,С централизованным учетом,6-263-01326-B-001P,9 ноября 2023 г.,1 000.00,Рубли,,,,,,,,,
97,RU000A0P1N49,17 ноября 2023 г.,Параметры ценной бумаги (выпуска),"АКЦИОНЕРНОЕ ОБЩЕСТВО ""АЛЬФА-БАНК""",7728168971,Структурные процентные неконвертируемые бездокументарные облигации с централизованным учетом прав серии С-1-262,Бездокументарная,С централизованным учетом,6-262-01326-B-001P,9 ноября 2023 г.,1 000.00,Рубли,,,,,,,,,
98,RU000A0P1N31,17 ноября 2023 г.,Параметры ценной бумаги (выпуска),"АКЦИОНЕРНОЕ ОБЩЕСТВО ""АЛЬФА-БАНК""",7728168971,Структурные процентные неконвертируемые бездокументарные облигации с централизованным учетом прав серии С-1-261,Бездокументарная,С централизованным учетом,6-261-01326-B-001P,9 ноября 2023 г.,1 000.00,Рубли,,,,,,,,,
99,RU000A1078S8,20 ноября 2023 г.,Параметры ценной бумаги (выпуска),"Публичное акционерное общество ""Мобильные ТелеСистемы""",7740000076,Биржевые облигации процентные неконвертируемые бездокументарные с централизованным учетом прав серии 002P-02,Бездокументарная,С централизованным учетом,4B02-02-04715-A-002P,13 ноября 2023 г.,,Рубли,,,,,,,,,
100,RU000A1078L3,20 ноября 2023 г.,Параметры ценной бумаги (выпуска),"Государственная компания ""Российские автомобильные дороги""",7717151380,Биржевые облигации процентные неконвертируемые бездокументарные с централизованным учетом прав серии БО-005P-05,Бездокументарная,С централизованным учетом,4B02-05-00011-T-005P,25 октября 2023 г.,1 000.00,Рубли,19 ноября 2024 г.,,,,,,,,
101,RU000A1078K5,20 ноября 2023 г.,Параметры ценной бумаги (выпуска),"Общество с ограниченной ответственностью ""Ультра""",7446031217,Биржевые облигации процентные неконвертируемые бездокументарные с централизованным учетом прав серии БО-02,Бездокументарная,С централизованным учетом,4B02-02-00481-R,26 октября 2023 г.,1 000.00,Рубли,31 октября 2027 г.,,,,,,,,
102,RU000A1078H1,20 ноября 2023 г.,Параметры ценной бумаги (выпуска),"Общество с ограниченной ответственностью ""СОБИ-ЛИЗИНГ""",2311127765,Биржевые облигации процентные неконвертируемые бездокументарные с централизованным учетом прав серии 001P-03,Бездокументарная,С централизованным учетом,4B02-03-00632-R-001P,5 октября 2023 г.,1 000.00,Рубли,5 ноября 2026 г.,,,,,,,,
103,RU000A1078F5,20 ноября 2023 г.,Параметры ценной бумаги (выпуска),Банк ВТБ (публичное акционерное общество),7702070139,Биржевые облигации процентные неконвертируемые бездокументарные с централизованным учетом прав серии Б-1-345,Бездокументарная,С централизованным учетом,4B02-345-01000-B-001P,16 ноября 2023 г.,1 000.00,Рубли,21 мая 2024 г.,,,,,,,,
104,RU000A1078A6,17 ноября 2023 г.,Параметры ценной бумаги (выпуска),"Общество с ограниченной ответственностью ""Специализированное финансовое общество Вега""",9729329544,Структурные процентные неконвертируемые бездокументарные облигации с централизованным учетом прав серии СП-1-12,Бездокументарная,С централизованным учетом,6-12-00684-R-001P,2 ноября 2023 г.,,Рубли,,,,,,,,,
105,RU000A107894,17 ноября 2023 г.,Параметры ценной бумаги (выпуска),"Общество с ограниченной ответственностью ""Специализированное финансовое общество Вега""",9729329544,Структурные процентные неконвертируемые бездокументарные облигации с централизованным учетом прав серии СП-1-11,Бездокументарная,С централизованным учетом,6-11-00684-R-001P,2 ноября 2023 г.,,Рубли,,,,,,,,,
106,RU000A107886,17 ноября 2023 г.,Параметры ценной бумаги (выпуска),"Общество с ограниченной ответственностью ""Специализированное финансовое общество Вега""",9729329544,Структурные процентные неконвертируемые бездокументарные облигации с централизованным учетом прав серии СП-1-10,Бездокументарная,С централизованным учетом,6-10-00684-R-001P,2 ноября 2023 г.,,Рубли,,,,,,,,,
107,RU000A107878,17 ноября 2023 г.,Параметры ценной бумаги (выпуска),"Общество с ограниченной ответственностью ""Специализированное финансовое общество Вега""",9729329544,Структурные процентные неконвертируемые бездокументарные облигации с централизованным учетом прав серии СП-1-9,Бездокументарная,С централизованным учетом,6-09-00684-R-001P,2 ноября 2023 г.,,Рубли,,,,,,,,,
108,RU000A1078C2,17 ноября 2023 г.,Параметры ценной бумаги (выпуска),"Общество с ограниченной ответственностью ""Специализированное финансовое общество Вега""",9729329544,Структурные процентные неконвертируемые бездокументарные облигации с централизованным учетом прав серии СП-1-13,Бездокументарная,С централизованным учетом,6-13-00684-R-001P,2 ноября 2023 г.,,Рубли,,,,,,,,,
109,RU000A107845,17 ноября 2023 г.,Параметры ценной бумаги (выпуска),"Публичное акционерное общество ""Сбербанк России""",7707083893,Биржевые облигации бездокументарные процентные неконвертируемые с централизованным учетом прав серии ИОС_PRTACm_SBER-5Y-001P-594R,Бездокументарная,С централизованным учетом,4B02-624-01481-B-001P,16 ноября 2023 г.,,Рубли,,,,,,,,,
110,RU000A107803,16 ноября 2023 г.,Параметры ценной бумаги (выпуска),"Общество с ограниченной ответственностью «Специализированное финансовое общество ""Оникс""",9714018747,Облигации структурные процентные неконвертируемые бездокументарные с централизованным учетом прав с залоговым обеспечением серии 01,Бездокументарная,С централизованным учетом,6-01-00747-R,7 ноября 2023 г.,,Рубли,,,,,,,,,
111,RU000A0P1N23,15 ноября 2023 г.,Параметры ценной бумаги (выпуска),"Акционерное общество ""Сбербанк КИБ""",7710048970,Облигации структурные бездокументарные с централизованным учетом прав серии CIB-СО-715 неконвертируемые с залоговым обеспечением процентные,Бездокументарная,С централизованным учетом,6-715-01793-A,23 октября 2023 г.,1 000.00,Рубли,,,,,,,,,
112,RU000A0P1N15,15 ноября 2023 г.,Параметры ценной бумаги (выпуска),"Акционерное общество ""Сбербанк КИБ""",7710048970,Облигации структурные бездокументарные с централизованным учетом прав серии CIB-СО-714 неконвертируемые с залоговым обеспечением процентные,Бездокументарная,С централизованным учетом,6-714-01793-A,23 октября 2023 г.,1 000.00,Рубли,,,,,,,,,
113,RU000A0P1N07,15 ноября 2023 г.,Параметры ценной бумаги (выпуска),"Акционерное общество ""Сбербанк КИБ""",7710048970,Облигации структурные бездокументарные с централизованным учетом прав серии CIB-СО-713 неконвертируемые с залоговым обеспечением процентные,Бездокументарная,С централизованным учетом,6-713-01793-A,23 октября 2023 г.,1 000.00,Рубли,,,,,,,,,
114,RU000A0P1MZ1,15 ноября 2023 г.,Параметры ценной бумаги (выпуска),"Акционерное общество ""Сбербанк КИБ""",7710048970,Облигации структурные бездокументарные с централизованным учетом прав серии CIB-СО-712 неконвертируемые с залоговым обеспечением процентные,Бездокументарная,С централизованным учетом,6-712-01793-A,23 октября 2023 г.,1 000.00,Рубли,,,,,,,,,
115,RU000A0P1MY4,15 ноября 2023 г.,Параметры ценной бумаги (выпуска),"Акционерное общество ""Сбербанк КИБ""",7710048970,Облигации структурные бездокументарные с централизованным учетом прав серии CIB-СО-711 неконвертируемые с залоговым обеспечением процентные,Бездокументарная,С централизованным учетом,6-711-01793-A,23 октября 2023 г.,1 000.00,Рубли,,,,,,,,,
116,RU000A0P1MX6,15 ноября 2023 г.,Параметры ценной бумаги (выпуска),"Акционерное общество ""Сбербанк КИБ""",7710048970,Облигации структурные бездокументарные с централизованным учетом прав серии CIB-СО-710 неконвертируемые с залоговым обеспечением процентные,Бездокументарная,С централизованным учетом,6-710-01793-A,23 октября 2023 г.,1 000.00,Рубли,,,,,,,,,
117,RU000A0P1MW8,15 ноября 2023 г.,Параметры ценной бумаги (выпуска),"Акционерное общество ""Сбербанк КИБ""",7710048970,Облигации структурные бездокументарные с централизованным учетом прав серии CIB-СО-709 неконвертируемые с залоговым обеспечением процентные,Бездокументарная,С централизованным учетом,6-709-01793-A,23 октября 2023 г.,1 000.00,Рубли,,,,,,,,,
118,RU000A0P1MV0,15 ноября 2023 г.,Параметры ценной бумаги (выпуска),"Акционерное общество ""Сбербанк КИБ""",7710048970,Облигации структурные бездокументарные с централизованным учетом прав серии CIB-СО-708 неконвертируемые с залоговым обеспечением процентные,Бездокументарная,С централизованным учетом,6-708-01793-A,23 октября 2023 г.,1 000.00,Рубли,,,,,,,,,
119,RU000A0P1MU2,15 ноября 2023 г.,Параметры ценной бумаги (выпуска),"Акционерное общество ""Сбербанк КИБ""",7710048970,Облигации структурные бездокументарные с централизованным учетом прав серии CIB-СО-707 неконвертируемые с залоговым обеспечением процентные,Бездокументарная,С централизованным учетом,6-707-01793-A,23 октября 2023 г.,1 000.00,Рубли,,,,,,,,,
120,RU000A0P1MT4,15 ноября 2023 г.,Параметры ценной бумаги (выпуска),"Акционерное общество ""Сбербанк КИБ""",7710048970,Облигации структурные бездокументарные с централизованным учетом прав серии CIB-СО-706 неконвертируемые с залоговым обеспечением процентные,Бездокументарная,С централизованным учетом,6-706-01793-A,23 октября 2023 г.,1 000.00,Рубли,,,,,,,,,
121,RU000A0P1MS6,15 ноября 2023 г.,Параметры ценной бумаги (выпуска),"Акционерное общество ""Сбербанк КИБ""",7710048970,Облигации структурные бездокументарные с централизованным учетом прав серии CIB-СО-705 неконвертируемые с залоговым обеспечением процентные,Бездокументарная,С централизованным учетом,6-705-01793-A,23 октября 2023 г.,1 000.00,Рубли,,,,,,,,,
122,RU000A0P1MR8,15 ноября 2023 г.,Параметры ценной бумаги (выпуска),"Акционерное общество ""Сбербанк КИБ""",7710048970,Облигации структурные бездокументарные с централизованным учетом прав серии CIB-СО-704 неконвертируемые с залоговым обеспечением процентные,Бездокументарная,С централизованным учетом,6-704-01793-A,23 октября 2023 г.,1 000.00,Рубли,,,,,,,,,
123,RU000A0P1MQ0,15 ноября 2023 г.,Параметры ценной бумаги (выпуска),"Акционерное общество ""Сбербанк КИБ""",7710048970,Облигации структурные бездокументарные с централизованным учетом прав серии CIB-СО-703 неконвертируемые с залоговым обеспечением процентные,Бездокументарная,С централизованным учетом,6-703-01793-A,23 октября 2023 г.,1 000.00,Рубли,,,,,,,,,
124,RU000A0P1MP2,15 ноября 2023 г.,Параметры ценной бумаги (выпуска),"Акционерное общество ""Сбербанк КИБ""",7710048970,Облигации структурные бездокументарные с централизованным учетом прав серии CIB-СО-702 неконвертируемые с залоговым обеспечением процентные,Бездокументарная,С централизованным учетом,6-702-01793-A,23 октября 2023 г.,1 000.00,Рубли,,,,,,,,,
125,RU000A0P1MN7,15 ноября 2023 г.,Параметры ценной бумаги (выпуска),"Акционерное общество ""Сбербанк КИБ""",7710048970,Облигации структурные бездокументарные с централизованным учетом прав серии CIB-СО-701 неконвертируемые с залоговым обеспечением процентные,Бездокументарная,С централизованным учетом,6-701-01793-A,23 октября 2023 г.,1 000.00,Рубли,,,,,,,,,
126,RU000A0P1MM9,15 ноября 2023 г.,Параметры ценной бумаги (выпуска),"Акционерное общество ""Сбербанк КИБ""",7710048970,Облигации структурные бездокументарные с централизованным учетом прав серии CIB-СО-700 неконвертируемые с залоговым обеспечением процентные,Бездокументарная,С централизованным учетом,6-700-01793-A,23 октября 2023 г.,1 000.00,Рубли,,,,,,,,,
127,RU000A0P1ML1,15 ноября 2023 г.,Параметры ценной бумаги (выпуска),"Акционерное общество ""Сбербанк КИБ""",7710048970,Облигации структурные бездокументарные с централизованным учетом прав серии CIB-СО-699 неконвертируемые с залоговым обеспечением процентные,Бездокументарная,С централизованным учетом,6-699-01793-A,23 октября 2023 г.,1 000.00,Рубли,,,,,,,,,
128,RU000A0P1MK3,15 ноября 2023 г.,Параметры ценной бумаги (выпуска),"Акционерное общество ""Сбербанк КИБ""",7710048970,Облигации структурные бездокументарные с централизованным учетом прав серии CIB-СО-698 неконвертируемые с залоговым обеспечением процентные,Бездокументарная,С централизованным учетом,6-698-01793-A,23 октября 2023 г.,1 000.00,Рубли,,,,,,,,,
129,RU000A0P1MJ5,15 ноября 2023 г.,Параметры ценной бумаги (выпуска),"Акционерное общество ""Сбербанк КИБ""",7710048970,Облигации структурные бездокументарные с централизованным учетом прав серии CIB-СО-697 неконвертируемые с залоговым обеспечением процентные,Бездокументарная,С централизованным учетом,6-697-01793-A,23 октября 2023 г.,1 000.00,Рубли,,,,,,,,,
130,RU000A0P1MH9,15 ноября 2023 г.,Параметры ценной бумаги (выпуска),"Акционерное общество ""Сбербанк КИБ""",7710048970,Облигации структурные бездокументарные с централизованным учетом прав серии CIB-СО-696 неконвертируемые с залоговым обеспечением процентные,Бездокументарная,С централизованным учетом,6-696-01793-A,23 октября 2023 г.,1 000.00,Рубли,,,,,,,,,
131,RU000A0P1MG1,15 ноября 2023 г.,Параметры ценной бумаги (выпуска),"Акционерное общество ""Сбербанк КИБ""",7710048970,Облигации структурные бездокументарные с централизованным учетом прав серии CIB-СО-695 неконвертируемые с залоговым обеспечением процентные,Бездокументарная,С централизованным учетом,6-695-01793-A,23 октября 2023 г.,1 000.00,Рубли,,,,,,,,,
132,RU000A1077Z5,15 ноября 2023 г.,Параметры ценной бумаги (выпуска),"Общество с ограниченной ответственностью ""Специализированное финансовое общество Теллуриум""",9729343098,Структурные процентные бездокументарные неконвертируемые облигации с централизованным учетом прав серии СП-1-СБД-1,Бездокументарная,С централизованным учетом,6-01-00731-R-001P,19 октября 2023 г.,1 000.00,Рубли,,,,,,,,,
133,RU000A1077Y8,15 ноября 2023 г.,Параметры ценной бумаги (выпуска),"Публичное акционерное общество ""Ростелеком""",7707049388,Биржевые облигации бездокументарные процентные неконвертируемые с централизованным учетом прав серии 002P-12R,Бездокументарная,С централизованным учетом,4B02-12-00124-A-002P,14 ноября 2023 г.,1 000.00,Рубли,13 ноября 2025 г.,,,,,,,,
134,RU000A1077U6,15 ноября 2023 г.,Параметры ценной бумаги (выпуска),Министерство финансов Ульяновской области,7325001151,Государственные облигации Ульяновской области 2023 года в форме именных документарных ценных бумаг с фиксированным купонным доходом и амортизацией долга,Документарная именная,Обязательное централизованное хранение,RU34006ULN0,3 ноября 2023 г.,1 000.00,Рубли,14 мая 2026 г.,,,,,,,,
135,RU000A1077V4,15 ноября 2023 г.,Параметры ценной бумаги (выпуска),Государственный специализированный Российский экспортно-импортный банк (акционерное общество),7704001959,Биржевые облигации процентные неконвертируемые бездокументарные с централизованным учетом прав серии 002P-04,Бездокументарная,С централизованным учетом,4B02-04-02790-B-002P,13 ноября 2023 г.,1 000.00,Рубли,3 ноября 2033 г.,,,,,,,,
136,RU000A1077T8,15 ноября 2023 г.,Параметры ценной бумаги (выпуска),"Общество с ограниченной ответственностью «Специализированное финансовое общество ""Исида""",9714012946,Структурные неконвертируемые процентные бездокументарные с залоговым обеспечением серии 01,Бездокументарная,,6-01-00749-R,7 ноября 2023 г.,1 000.00,Рубли,,,,,,,,,
137,RU000A1077X0,15 ноября 2023 г.,Параметры ценной бумаги (выпуска),"Общество с ограниченной ответственностью ""Интерлизинг""",7802131219,Биржевые облигации процентные неконвертируемые бездокументарные с централизованным учетом прав серии 001P-07,Бездокументарная,С централизованным учетом,4B02-07-00380-R-001P,3 октября 2023 г.,1 000.00,Рубли,31 октября 2026 г.,,,,,,,,
138,RU000A1077W2,15 ноября 2023 г.,Параметры ценной бумаги (выпуска),"Государственная компания ""Российские автомобильные дороги""",7717151380,Облигации процентные неконвертируемые бездокументарные с централизованным учетом прав серии 002P-20,Бездокументарная,С централизованным учетом,4-20-00011-T-002P,29 декабря 2022 г.,1 000.00,Рубли,9 ноября 2050 г.,,,,,,,,
139,RU000A1077S0,14 ноября 2023 г.,,,,,,,,9 ноября 2023 г.,,,,Параметры ценной бумаги (пая),"Закрытый паевой инвестиционный фонд рыночных финансовых инструментов ""Заблокированные активы паевого инвестиционного фонда ""Первая - Фонд Российские еврооблигации""""",закрытый,Инвестиционные паи,5765,"АО УК ""Первая""","АО ""Специализированный депозитарий ""ИНФИНИТУМ""","АО ""Специализированный депозитарий ""ИНФИНИТУМ"""
140,RU000A1077H3,14 ноября 2023 г.,Параметры ценной бумаги (выпуска),"акционерное общество ""Государственная транспортная лизинговая компания""",7720261827,Бездокументарные процентные неконвертируемые облигации с централизованным учетом прав серии ЗО24-Д,Бездокументарная,С централизованным учетом,4-03-32432-H,13 ноября 2023 г.,1 000.00,Доллар США,31 мая 2024 г.,,,,,,,,
141,RU000A1077D2,14 ноября 2023 г.,Параметры ценной бумаги (выпуска),"Общество с ограниченной ответственностью ""Специализированное финансовое общество НРВК-1""",9704216267,"Неконвертируемые бездокументарные процентные облигации с централизованным учетом прав с залоговым обеспечением денежными требованиями класса ""А""",Бездокументарная,С централизованным учетом,4-01-00742-R,12 октября 2023 г.,1 000.00,Рубли,25 сентября 2046 г.,,,,,,,,
142,RU000A1077C4,14 ноября 2023 г.,Параметры ценной бумаги (выпуска),"Общество с ограниченной ответственностью ""Специализированное финансовое общество НРВК-1""",9704216267,"Неконвертируемые бездокументарные процентные облигации с центарлизованным учетом прав с залоговым обеспечением денежными требованиями класса ""Б""",Бездокументарная,С централизованным учетом,4-02-00742-R,12 октября 2023 г.,1 000.00,Рубли,25 сентября 2046 г.,,,,,,,,
143,RU000A1077R2,14 ноября 2023 г.,Параметры ценной бумаги (выпуска),"государственная корпорация развития ""ВЭБ.РФ""",7750004150,Биржевые облигации бездокументарные процентные неконвертируемые с централизованным учетом прав серии ПБО-001Р-К463,Бездокументарная,С централизованным учетом,4B02-496-00004-T-001P,27 октября 2023 г.,,Рубли,,,,,,,,,
144,RU000A1077Q4,14 ноября 2023 г.,Параметры ценной бумаги (выпуска),"государственная корпорация развития ""ВЭБ.РФ""",7750004150,Биржевые облигации бездокументарные процентные неконвертируемые с централизованным учетом прав серии ПБО-001Р-К462,Бездокументарная,С централизованным учетом,4B02-495-00004-T-001P,27 октября 2023 г.,,Рубли,,,,,,,,,
145,RU000A1077P6,14 ноября 2023 г.,Параметры ценной бумаги (выпуска),"государственная корпорация развития ""ВЭБ.РФ""",7750004150,Биржевые облигации бездокументарные процентные неконвертируемые с централизованным учетом прав серии ПБО-001Р-К461,Бездокументарная,С централизованным учетом,4B02-494-00004-T-001P,27 октября 2023 г.,,Рубли,,,,,,,,,
146,RU000A1077N1,14 ноября 2023 г.,Параметры ценной бумаги (выпуска),"государственная корпорация развития ""ВЭБ.РФ""",7750004150,Биржевые облигации бездокументарные процентные неконвертируемые с централизованным учетом прав серии ПБО-001Р-К460,Бездокументарная,С централизованным учетом,4B02-493-00004-T-001P,27 октября 2023 г.,,Рубли,,,,,,,,,
147,RU000A1077M3,14 ноября 2023 г.,Параметры ценной бумаги (выпуска),"государственная корпорация развития ""ВЭБ.РФ""",7750004150,Биржевые облигации бездокументарные процентные неконвертируемые с централизованным учетом прав серии ПБО-001Р-К459,Бездокументарная,С централизованным учетом,4B02-492-00004-T-001P,27 октября 2023 г.,,Рубли,,,,,,,,,
148,RU000A1077L5,14 ноября 2023 г.,Параметры ценной бумаги (выпуска),"государственная корпорация развития ""ВЭБ.РФ""",7750004150,Биржевые облигации бездокументарные процентные неконвертируемые с централизованным учетом прав серии ПБО-001Р-К458,Бездокументарная,С централизованным учетом,4B02-491-00004-T-001P,27 октября 2023 г.,,Рубли,,,,,,,,,
149,RU000A1077K7,14 ноября 2023 г.,Параметры ценной бумаги (выпуска),"государственная корпорация развития ""ВЭБ.РФ""",7750004150,Биржевые облигации бездокументарные процентные неконвертируемые с централизованным учетом прав серии ПБО-001Р-К457,Бездокументарная,С централизованным учетом,4B02-490-00004-T-001P,27 октября 2023 г.,,Рубли,,,,,,,,,
150,RU000A1077J9,14 ноября 2023 г.,Параметры ценной бумаги (выпуска),"государственная корпорация развития ""ВЭБ.РФ""",7750004150,Биржевые облигации бездокументарные процентные неконвертируемые с централизованным учетом прав серии ПБО-001Р-К456,Бездокументарная,С централизованным учетом,4B02-489-00004-T-001P,27 октября 2023 г.,,Рубли,,,,,,,,,
151,RU000A107795,13 ноября 2023 г.,Параметры ценной бумаги (выпуска),"Микрофинансовая компания ""Лайм-Займ"" (Общество с ограниченной ответственностью)",7724889891,Биржевые облигации бездокументарные процентные неконвертируемые с централизованным учетом прав серии 001P-03,Бездокументарная,С централизованным учетом,4B02-03-00533-R-001P,3 октября 2023 г.,1 000.00,Рубли,30 октября 2026 г.,,,,,,,,
152,RU000A107761,13 ноября 2023 г.,Параметры ценной бумаги (выпуска),"Общество с ограниченной ответственностью ""Племзавод ""Пушкинское""",5203000478,Биржевые облигации процентные неконвертируемые бездокументарные с централизованным учетом прав серии 001P-01,Бездокументарная,С централизованным учетом,4B02-01-00629-R-001P,25 октября 2023 г.,1 000.00,Рубли,7 ноября 2028 г.,,,,,,,,
153,RU000A107779,13 ноября 2023 г.,Параметры ценной бумаги (выпуска),"Общество с ограниченной ответственностью ""Группа Астон""",7708316149,Коммерческие облигации бездокументарные с централизованным учетом прав неконвертируемые процентные серии КО-П06-002РС,Бездокументарная,С централизованным учетом,4CDE-06-00544-R-002P,9 ноября 2023 г.,1 000.00,Рубли,7 ноября 2028 г.,,,,,,,,
154,RU000A1070X5,11 октября 2023 г.,Параметры ценной бумаги (выпуска),"Акционерное общество ""Асфальтобетонный завод № 1""",7804016807,Биржевые облигации процентные неконвертируемые бездокументарные с централизованным учетом прав серии 001P-05,Бездокументарная,С централизованным учетом,4B02-05-01671-D-001P,3 октября 2023 г.,,Рубли,,,,,,,,,
155,RU000A1070W7,11 октября 2023 г.,Параметры ценной бумаги (выпуска),"Общество с ограниченной ответственностью ""Специализированное финансовое общество БКС Структурные Ноты""",7743298037,"Облигации структурные бездокументарные с централизованным учетом прав серии 11, процентные дисконтные неконвертируемые с залоговым обеспечением, предназначенные для квалифицированных инвесторов",Бездокументарная,С централизованным учетом,6-11-00508-R,9 октября 2023 г.,,Рубли,,,,,,,,,
156,RU000A1070V9,11 октября 2023 г.,Параметры ценной бумаги (выпуска),"Общество с ограниченной ответственностью ""Специализированное финансовое общество БКС Структурные Ноты""",7743298037,"Облигации структурные бездокументарные с централизованным учетом прав серии 10, процентные дисконтные неконвертируемые с залоговым обеспечением, предназначенные для квалифицированных инвесторов",Бездокументарная,С централизованным учетом,6-10-00508-R,9 октября 2023 г.,,Рубли,,,,,,,,,
157,RU000A1070U1,11 октября 2023 г.,Параметры ценной бумаги (выпуска),"Общество с ограниченной ответственностью ""Специализированное финансовое общество БКС Структурные Ноты""",7743298037,"Облигации структурные бездокументарные с централизованным учетом прав серии 09, процентные дисконтные неконвертируемые с залоговым обеспечением, предназначенные для квалифицированных инвесторов",Бездокументарная,С централизованным учетом,6-09-00508-R,9 октября 2023 г.,,Рубли,,,,,,,,,
158,RU000A1070P1,11 октября 2023 г.,Параметры ценной бумаги (выпуска),"Общество с ограниченной ответственностью ""Чистая Планета""",5446020589,Биржевые облигации неконвертируемые процентные бездокументарные с централизованным учетом прав серии БО-01,Бездокументарная,С централизованным учетом,4B02-01-00120-L,4 октября 2023 г.,1 000.00,Рубли,15 сентября 2028 г.,,,,,,,,
159,RU000A1070Q9,11 октября 2023 г.,Параметры ценной бумаги (выпуска),Банк ВТБ (публичное акционерное общество),7702070139,Биржевые облигации дисконтные неконвертируемые бездокументарные с централизованным учетом прав серии КС-4-566,Бездокументарная,С централизованным учетом,4B02-566-01000-B-005P,14 сентября 2023 г.,1 000.00,Рубли,13 октября 2023 г.,,,,,,,,
160,RU000A0NX571,10 октября 2023 г.,Параметры ценной бумаги (выпуска),"Акционерное общество ""Сбербанк КИБ""",7710048970,Облигации структурные бездокументарные с централизованным учетом прав серии CIB-СО-694 неконвертируемые с залоговым обеспечением процентные,Бездокументарная,С централизованным учетом,6-694-01793-A,28 сентября 2023 г.,1 000.00,Рубли,,,,,,,,,
161,RU000A0NX563,10 октября 2023 г.,Параметры ценной бумаги (выпуска),"Акционерное общество ""Сбербанк КИБ""",7710048970,Облигации структурные бездокументарные с централизованным учетом прав серии CIB-СО-693 неконвертируемые с залоговым обеспечением процентные,Бездокументарная,С централизованным учетом,6-693-01793-A,28 сентября 2023 г.,1 000.00,Рубли,,,,,,,,,
162,RU000A0NX555,10 октября 2023 г.,Параметры ценной бумаги (выпуска),"Акционерное общество ""Сбербанк КИБ""",7710048970,Облигации структурные бездокументарные с централизованным учетом прав серии CIB-СО-692 неконвертируемые с залоговым обеспечением процентные,Бездокументарная,С централизованным учетом,6-692-01793-A,28 сентября 2023 г.,1 000.00,Рубли,,,,,,,,,
163,RU000A0NX548,10 октября 2023 г.,Параметры ценной бумаги (выпуска),"Акционерное общество ""Сбербанк КИБ""",7710048970,Облигации структурные бездокументарные с централизованным учетом прав серии CIB-СО-691 неконвертируемые с залоговым обеспечением процентные,Бездокументарная,С централизованным учетом,6-691-01793-A,28 сентября 2023 г.,1 000.00,Рубли,,,,,,,,,
164,RU000A0NX530,10 октября 2023 г.,Параметры ценной бумаги (выпуска),"Акционерное общество ""Сбербанк КИБ""",7710048970,Облигации структурные бездокументарные с централизованным учетом прав серии CIB-СО-690 неконвертируемые с залоговым обеспечением процентные,Бездокументарная,С централизованным учетом,6-690-01793-A,28 сентября 2023 г.,1 000.00,Рубли,,,,,,,,,
165,RU000A0NX522,10 октября 2023 г.,Параметры ценной бумаги (выпуска),"Акционерное общество ""Сбербанк КИБ""",7710048970,Облигации структурные бездокументарные с централизованным учетом прав серии CIB-СО-689 неконвертируемые с залоговым обеспечением процентные,Бездокументарная,С централизованным учетом,6-689-01793-A,28 сентября 2023 г.,1 000.00,Рубли,,,,,,,,,
166,RU000A0NX514,10 октября 2023 г.,Параметры ценной бумаги (выпуска),"Акционерное общество ""Сбербанк КИБ""",7710048970,Облигации структурные бездокументарные с централизованным учетом прав серии CIB-СО-688 неконвертируемые с залоговым обеспечением процентные,Бездокументарная,С централизованным учетом,6-688-01793-A,28 сентября 2023 г.,1 000.00,Рубли,,,,,,,,,
167,RU000A0NX506,10 октября 2023 г.,Параметры ценной бумаги (выпуска),"Акционерное общество ""Сбербанк КИБ""",7710048970,Облигации структурные бездокументарные с централизованным учетом прав серии CIB-СО-687 неконвертируемые с залоговым обеспечением процентные,Бездокументарная,С централизованным учетом,6-687-01793-A,28 сентября 2023 г.,1 000.00,Рубли,,,,,,,,,
168,RU000A0NX4Z4,10 октября 2023 г.,Параметры ценной бумаги (выпуска),"Акционерное общество ""Сбербанк КИБ""",7710048970,Облигации структурные бездокументарные с централизованным учетом прав серии CIB-СО-686 неконвертируемые с залоговым обеспечением процентные,Бездокументарная,С централизованным учетом,6-686-01793-A,28 сентября 2023 г.,1 000.00,Рубли,,,,,,,,,
169,RU000A0NX4Y7,10 октября 2023 г.,Параметры ценной бумаги (выпуска),"Акционерное общество ""Сбербанк КИБ""",7710048970,Облигации структурные бездокументарные с централизованным учетом прав серии CIB-СО-685 неконвертируемые с залоговым обеспечением процентные,Бездокументарная,С централизованным учетом,6-685-01793-A,28 сентября 2023 г.,1 000.00,Рубли,,,,,,,,,
170,RU000A0NX4X9,10 октября 2023 г.,Параметры ценной бумаги (выпуска),"Акционерное общество ""Сбербанк КИБ""",7710048970,Облигации структурные бездокументарные с централизованным учетом прав серии CIB-СО-684 неконвертируемые с залоговым обеспечением процентные,Бездокументарная,С централизованным учетом,6-684-01793-A,28 сентября 2023 г.,1 000.00,Рубли,,,,,,,,,
171,RU000A0NX4W1,10 октября 2023 г.,Параметры ценной бумаги (выпуска),"Акционерное общество ""Сбербанк КИБ""",7710048970,Облигации структурные бездокументарные с централизованным учетом прав серии CIB-СО-683 неконвертируемые с залоговым обеспечением процентные,Бездокументарная,С централизованным учетом,6-683-01793-A,28 сентября 2023 г.,1 000.00,Рубли,,,,,,,,,
172,RU000A0NX4V3,10 октября 2023 г.,Параметры ценной бумаги (выпуска),"Акционерное общество ""Сбербанк КИБ""",7710048970,Облигации структурные бездокументарные с централизованным учетом прав серии CIB-СО-682 неконвертируемые с залоговым обеспечением процентные,Бездокументарная,С централизованным учетом,6-682-01793-A,28 сентября 2023 г.,1 000.00,Рубли,,,,,,,,,
173,RU000A0NX4U5,10 октября 2023 г.,Параметры ценной бумаги (выпуска),"Акционерное общество ""Сбербанк КИБ""",7710048970,Облигации структурные бездокументарные с централизованным учетом прав серии CIB-СО-681 неконвертируемые с залоговым обеспечением процентные,Бездокументарная,С централизованным учетом,6-681-01793-A,28 сентября 2023 г.,1 000.00,Рубли,,,,,,,,,
174,RU000A0NX4T7,10 октября 2023 г.,Параметры ценной бумаги (выпуска),"Акционерное общество ""Сбербанк КИБ""",7710048970,Облигации структурные бездокументарные с централизованным учетом прав серии CIB-СО-680 неконвертируемые с залоговым обеспечением процентные,Бездокументарная,С централизованным учетом,6-680-01793-A,28 сентября 2023 г.,1 000.00,Рубли,,,,,,,,,
175,RU000A0NX4S9,10 октября 2023 г.,Параметры ценной бумаги (выпуска),"Акционерное общество ""Сбербанк КИБ""",7710048970,Облигации структурные бездокументарные с централизованным учетом прав серии CIB-СО-679 неконвертируемые с залоговым обеспечением процентные,Бездокументарная,С централизованным учетом,6-679-01793-A,28 сентября 2023 г.,1 000.00,Рубли,,,,,,,,,
176,RU000A0NX4R1,10 октября 2023 г.,Параметры ценной бумаги (выпуска),"Акционерное общество ""Сбербанк КИБ""",7710048970,Облигации структурные бездокументарные с централизованным учетом прав серии CIB-СО-678 неконвертируемые с залоговым обеспечением процентные,Бездокументарная,С централизованным учетом,6-678-01793-A,28 сентября 2023 г.,1 000.00,Рубли,,,,,,,,,
177,RU000A0NX4Q3,10 октября 2023 г.,Параметры ценной бумаги (выпуска),"Акционерное общество ""Сбербанк КИБ""",7710048970,Облигации структурные бездокументарные с централизованным учетом прав серии CIB-СО-677 неконвертируемые с залоговым обеспечением процентные,Бездокументарная,С централизованным учетом,6-677-01793-A,28 сентября 2023 г.,1 000.00,Рубли,,,,,,,,,
178,RU000A0NX4P5,10 октября 2023 г.,Параметры ценной бумаги (выпуска),"Акционерное общество ""Сбербанк КИБ""",7710048970,Облигации структурные бездокументарные с централизованным учетом прав серии CIB-СО-676 неконвертируемые с залоговым обеспечением процентные,Бездокументарная,С централизованным учетом,6-676-01793-A,28 сентября 2023 г.,1 000.00,Рубли,,,,,,,,,
179,RU000A0NX4N0,10 октября 2023 г.,Параметры ценной бумаги (выпуска),"Акционерное общество ""Сбербанк КИБ""",7710048970,Облигации структурные бездокументарные с централизованным учетом прав серии CIB-СО-675 неконвертируемые с залоговым обеспечением процентные,Бездокументарная,С централизованным учетом,6-675-01793-A,28 сентября 2023 г.,1 000.00,Рубли,,,,,,,,,
180,RU000A0NX4M2,10 октября 2023 г.,Параметры ценной бумаги (выпуска),"Акционерное общество ""Сбербанк КИБ""",7710048970,Облигации структурные бездокументарные с централизованным учетом прав серии CIB-СО-674 неконвертируемые с залоговым обеспечением процентные,Бездокументарная,С централизованным учетом,6-674-01793-A,28 сентября 2023 г.,1 000.00,Рубли,,,,,,,,,
181,RU000A0NX4L4,10 октября 2023 г.,Параметры ценной бумаги (выпуска),"Акционерное общество ""Сбербанк КИБ""",7710048970,Облигации структурные бездокументарные с централизованным учетом прав серии CIB-СО-673 неконвертируемые с залоговым обеспечением процентные,Бездокументарная,С централизованным учетом,6-673-01793-A,28 сентября 2023 г.,1 000.00,Рубли,,,,,,,,,
182,RU000A0NX4K6,10 октября 2023 г.,Параметры ценной бумаги (выпуска),"Акционерное общество ""Сбербанк КИБ""",7710048970,Облигации структурные бездокументарные с централизованным учетом прав серии CIB-СО-672 неконвертируемые с залоговым обеспечением процентные,Бездокументарная,С централизованным учетом,6-672-01793-A,28 сентября 2023 г.,1 000.00,Рубли,,,,,,,,,
183,RU000A0NX4J8,10 октября 2023 г.,Параметры ценной бумаги (выпуска),"Акционерное общество ""Сбербанк КИБ""",7710048970,Облигации структурные бездокументарные с централизованным учетом прав серии CIB-СО-671 неконвертируемые с залоговым обеспечением процентные,Бездокументарная,С централизованным учетом,6-671-01793-A,28 сентября 2023 г.,1 000.00,Рубли,,,,,,,,,
184,RU000A0NX4H2,10 октября 2023 г.,Параметры ценной бумаги (выпуска),"Акционерное общество ""Сбербанк КИБ""",7710048970,Облигации структурные бездокументарные с централизованным учетом прав серии CIB-СО-670 неконвертируемые с залоговым обеспечением процентные,Бездокументарная,С централизованным учетом,6-670-01793-A,28 сентября 2023 г.,1 000.00,Рубли,,,,,,,,,
185,RU000A0NX4G4,10 октября 2023 г.,Параметры ценной бумаги (выпуска),"Акционерное общество ""Сбербанк КИБ""",7710048970,Облигации структурные бездокументарные с централизованным учетом прав серии CIB-СО-669 неконвертируемые с залоговым обеспечением процентные,Бездокументарная,С централизованным учетом,6-669-01793-A,28 сентября 2023 г.,1 000.00,Рубли,,,,,,,,,
186,RU000A0NX4F6,10 октября 2023 г.,Параметры ценной бумаги (выпуска),"Акционерное общество ""Сбербанк КИБ""",7710048970,Облигации структурные бездокументарные с централизованным учетом прав серии CIB-СО-668 неконвертируемые с залоговым обеспечением процентные,Бездокументарная,С централизованным учетом,6-668-01793-A,28 сентября 2023 г.,1 000.00,Рубли,,,,,,,,,
187,RU000A0NX4E9,10 октября 2023 г.,Параметры ценной бумаги (выпуска),"Акционерное общество ""Сбербанк КИБ""",7710048970,Облигации структурные бездокументарные с централизованным учетом прав серии CIB-СО-667 неконвертируемые с залоговым обеспечением процентные,Бездокументарная,С централизованным учетом,6-667-01793-A,28 сентября 2023 г.,1 000.00,Рубли,,,,,,,,,
188,RU000A0P1KM3,10 октября 2023 г.,Параметры ценной бумаги (выпуска),Банк ВТБ (публичное акционерное общество),7702070139,Cтруктурные процентные дисконтные неконвертируемые бездокументарные облигации с централизованным учетом прав серии С-1-750,Бездокументарная,С централизованным учетом,6-750-01000-B-001P,14 сентября 2023 г.,1 000.00,Рубли,,,,,,,,,
189,RU000A0P1KL5,10 октября 2023 г.,Параметры ценной бумаги (выпуска),Банк ВТБ (публичное акционерное общество),7702070139,Cтруктурные процентные дисконтные неконвертируемые бездокументарные облигации с централизованным учетом прав серии С-1-749,Бездокументарная,С централизованным учетом,6-749-01000-B-001P,14 сентября 2023 г.,1 000.00,Рубли,,,,,,,,,
190,RU000A0P1KK7,10 октября 2023 г.,Параметры ценной бумаги (выпуска),Банк ВТБ (публичное акционерное общество),7702070139,Cтруктурные процентные дисконтные неконвертируемые бездокументарные облигации с централизованным учетом прав серии С-1-748,Бездокументарная,С централизованным учетом,6-748-01000-B-001P,14 сентября 2023 г.,1 000.00,Рубли,,,,,,,,,
191,RU000A0P1KJ9,10 октября 2023 г.,Параметры ценной бумаги (выпуска),Банк ВТБ (публичное акционерное общество),7702070139,Cтруктурные процентные дисконтные неконвертируемые бездокументарные облигации с централизованным учетом прав серии С-1-747,Бездокументарная,С централизованным учетом,6-747-01000-B-001P,14 сентября 2023 г.,1 000.00,Рубли,,,,,,,,,
192,RU000A0P1KH3,10 октября 2023 г.,Параметры ценной бумаги (выпуска),Банк ВТБ (публичное акционерное общество),7702070139,Cтруктурные процентные дисконтные неконвертируемые бездокументарные облигации с централизованным учетом прав серии С-1-746,Бездокументарная,С централизованным учетом,6-746-01000-B-001P,14 сентября 2023 г.,1 000.00,Рубли,,,,,,,,,
193,RU000A0P1KG5,10 октября 2023 г.,Параметры ценной бумаги (выпуска),Банк ВТБ (публичное акционерное общество),7702070139,Cтруктурные процентные дисконтные неконвертируемые бездокументарные облигации с централизованным учетом прав серии С-1-745,Бездокументарная,С централизованным учетом,6-745-01000-B-001P,14 сентября 2023 г.,1 000.00,Рубли,,,,,,,,,
194,RU000A0P1KF7,10 октября 2023 г.,Параметры ценной бумаги (выпуска),Банк ВТБ (публичное акционерное общество),7702070139,Cтруктурные процентные дисконтные неконвертируемые бездокументарные облигации с централизованным учетом прав серии С-1-744,Бездокументарная,С централизованным учетом,6-744-01000-B-001P,14 сентября 2023 г.,1 000.00,Рубли,,,,,,,,,
195,RU000A0P1KE0,10 октября 2023 г.,Параметры ценной бумаги (выпуска),Банк ВТБ (публичное акционерное общество),7702070139,Cтруктурные процентные дисконтные неконвертируемые бездокументарные облигации с централизованным учетом прав серии С-1-742,Бездокументарная,С централизованным учетом,6-742-01000-B-001P,14 сентября 2023 г.,1 000.00,Рубли,,,,,,,,,
196,RU000A106VR1,11 сентября 2023 г.,Параметры ценной бумаги (выпуска),"Акционерное общество ""Холдинговая компания ""Эволюция""",7706460690,Коммерческие облигации бездокументарные с централизованным учетом прав неконвертируемые процентные серии КО-01,Бездокументарная,С централизованным учетом,4CDE-01-86089-H,8 сентября 2023 г.,1 000 000.00,Рубли,14 июня 2029 г.,,,,,,,,
197,RU000A106VN0,11 сентября 2023 г.,Параметры ценной бумаги (выпуска),"Общество с ограниченной ответственностью ""Трейдберри""",6167127020,Биржевые облигации процентные неконвертируемые бездокументарные с централизованным учетом прав серии БО-01,Бездокументарная,,4B02-01-00434-R,4 сентября 2023 г.,1 000.00,Рубли,27 августа 2026 г.,,,,,,,,
198,RU000A106VT7,11 сентября 2023 г.,Параметры ценной бумаги (выпуска),"АКЦИОНЕРНОЕ ОБЩЕСТВО ""АЛЬФА-БАНК""",7728168971,Биржевые облигации процентные неконвертируемые бездокументарные с централизованным учетом прав серии 001Р-07,Бездокументарная,С централизованным учетом,4B02-07-01326-B-001P,7 сентября 2023 г.,,Рубли,,,,,,,,,
199,RU000A106VS9,11 сентября 2023 г.,Параметры ценной бумаги (выпуска),"АКЦИОНЕРНОЕ ОБЩЕСТВО ""АЛЬФА-БАНК""",7728168971,Биржевые облигации процентные и дисконтные неконвертируемые бездокументарные с централизованным учетом прав серии 001Р-06,Бездокументарная,С централизованным учетом,4B02-06-01326-B-001P,7 сентября 2023 г.,,Рубли,,,,,,,,,
200,RU000A106VQ3,11 сентября 2023 г.,Параметры ценной бумаги (выпуска),"АКЦИОНЕРНОЕ ОБЩЕСТВО ""АЛЬФА-БАНК""",7728168971,Биржевые облигации процентные и дисконтные неконвертируемые бездокументарные с централизованным учетом прав серии 001Р-05,Бездокументарная,С централизованным учетом,4B02-05-01326-B-001P,5 сентября 2023 г.,,Рубли,,,,,,,,,
201,RU000A106VL4,11 сентября 2023 г.,Параметры ценной бумаги (выпуска),Банк ВТБ (публичное акционерное общество),7702070139,Биржевые облигации дисконтные неконвертируемые бездокументарные с централизованным учетом прав серии КС-4-544,Бездокументарная,С централизованным учетом,4B02-544-01000-B-005P,4 июля 2023 г.,1 000.00,Рубли,13 сентября 2023 г.,,,,,,,,
202,RU000A106QL4,11 августа 2023 г.,Параметры ценной бумаги (выпуска),"Публичное акционерное общество ""Сбербанк России""",7707083893,Биржевые облигации бездокументарные процентные неконвертируемые с централизованным учетом прав серии ИОС_PRTACm_IMOEX-5Y-001Р-580R,Бездокументарная,С централизованным учетом,4B02-610-01481-B-001P,10 августа 2023 г.,,Рубли,,,,,,,,,
203,RU000A106QG4,11 августа 2023 г.,Параметры ценной бумаги (выпуска),Банк ВТБ (публичное акционерное общество),7702070139,Биржевые облигации дисконтные неконвертируемые бездокументарные с централизованным учетом прав серии КС-4-523,Бездокументарная,С централизованным учетом,4B02-523-01000-B-005P,4 июля 2023 г.,1 000.00,Рубли,15 августа 2023 г.,,,,,,,,
204,RU000A106JT2,11 июля 2023 г.,Параметры ценной бумаги (выпуска),"Акционерное общество ""Сбербанк КИБ""",7710048970,Облигации структурные бездокументарные с централизованным учетом прав серии CIB-СО-550 неконвертируемые с залоговым обеспечением процентные,Бездокументарная,С централизованным учетом,6-550-01793-A,29 июня 2023 г.,,Рубли,,,,,,,,,
205,RU000A106JS4,11 июля 2023 г.,Параметры ценной бумаги (выпуска),"Акционерное общество ""Сбербанк КИБ""",7710048970,Облигации структурные бездокументарные с централизованным учетом прав серии CIB-СО-549 неконвертируемые с залоговым обеспечением процентные,Бездокументарная,С централизованным учетом,6-549-01793-A,29 июня 2023 г.,,Рубли,,,,,,,,,
206,RU000A106JR6,11 июля 2023 г.,Параметры ценной бумаги (выпуска),"Акционерное общество ""Сбербанк КИБ""",7710048970,Облигации структурные бездокументарные с централизованным учетом прав серии CIB-СО-548 неконвертируемые с залоговым обеспечением процентные,Бездокументарная,С централизованным учетом,6-548-01793-A,29 июня 2023 г.,,Рубли,,,,,,,,,
207,RU000A106JQ8,11 июля 2023 г.,Параметры ценной бумаги (выпуска),"Акционерное общество ""Сбербанк КИБ""",7710048970,Облигации структурные бездокументарные с централизованным учетом прав серии CIB-СО-547 неконвертируемые с залоговым обеспечением процентные,Бездокументарная,С централизованным учетом,6-547-01793-A,29 июня 2023 г.,,Рубли,,,,,,,,,
208,RU000A106JP0,11 июля 2023 г.,Параметры ценной бумаги (выпуска),"Акционерное общество ""Сбербанк КИБ""",7710048970,Облигации структурные бездокументарные с централизованным учетом прав серии CIB-СО-546 неконвертируемые с залоговым обеспечением процентные,Бездокументарная,С централизованным учетом,6-546-01793-A,29 июня 2023 г.,,Рубли,,,,,,,,,
209,RU000A106JM7,11 июля 2023 г.,Параметры ценной бумаги (выпуска),"Акционерное общество ""Сбербанк КИБ""",7710048970,Облигации структурные бездокументарные с централизованным учетом прав серии CIB-СО-545 неконвертируемые с залоговым обеспечением процентные,Бездокументарная,С централизованным учетом,6-545-01793-A,29 июня 2023 г.,,Рубли,,,,,,,,,
210,RU000A106JL9,11 июля 2023 г.,Параметры ценной бумаги (выпуска),"Акционерное общество ""Сбербанк КИБ""",7710048970,Облигации структурные бездокументарные с централизованным учетом прав серии CIB-СО-544 неконвертируемые с залоговым обеспечением процентные,Бездокументарная,С централизованным учетом,6-544-01793-A,29 июня 2023 г.,,Рубли,,,,,,,,,
211,RU000A106JK1,11 июля 2023 г.,Параметры ценной бумаги (выпуска),"Акционерное общество ""Сбербанк КИБ""",7710048970,Облигации структурные бездокументарные с централизованным учетом прав серии CIB-СО-543 неконвертируемые с залоговым обеспечением процентные,Бездокументарная,С централизованным учетом,6-543-01793-A,29 июня 2023 г.,,Рубли,,,,,,,,,
212,RU000A106JJ3,11 июля 2023 г.,Параметры ценной бумаги (выпуска),"Акционерное общество ""Сбербанк КИБ""",7710048970,Облигации структурные бездокументарные с централизованным учетом прав серии CIB-СО-542 неконвертируемые с залоговым обеспечением процентные,Бездокументарная,С централизованным учетом,6-542-01793-A,29 июня 2023 г.,,Рубли,,,,,,,,,
213,RU000A106JH7,11 июля 2023 г.,Параметры ценной бумаги (выпуска),"Акционерное общество ""Сбербанк КИБ""",7710048970,Облигации структурные бездокументарные с централизованным учетом прав серии CIB-СО-541 неконвертируемые с залоговым обеспечением процентные,Бездокументарная,С централизованным учетом,6-541-01793-A,29 июня 2023 г.,,Рубли,,,,,,,,,
214,RU000A106JG9,11 июля 2023 г.,Параметры ценной бумаги (выпуска),"Общество с ограниченной ответственностью ""Специализированное финансовое общество Вега""",9729329544,Структурные процентные неконвертируемые бездокументарные облигации с централизованным учетом прав серии СП-1-5,Бездокументарная,С централизованным учетом,6-05-00684-R-001P,10 июля 2023 г.,,Рубли,,,,,,,,,
215,RU000A106JF1,11 июля 2023 г.,Параметры ценной бумаги (выпуска),"Общество с ограниченной ответственностью ""Специализированное финансовое общество Вега""",9729329544,Структурные процентные неконвертируемые бездокументарные облигации с централизованным учетом прав серии СП-1-4,Бездокументарная,С централизованным учетом,6-04-00684-R-001P,10 июля 2023 г.,,Рубли,,,,,,,,,
216,RU000A106JE4,11 июля 2023 г.,Параметры ценной бумаги (выпуска),"Общество с ограниченной ответственностью ""Специализированное финансовое общество Вега""",9729329544,Структурные процентные неконвертируемые бездокументарные облигации с централизованным учетом прав серии СП-1-3,Бездокументарная,С централизованным учетом,6-03-00684-R-001P,10 июля 2023 г.,,Рубли,,,,,,,,,
217,RU000A106JC8,11 июля 2023 г.,Параметры ценной бумаги (выпуска),"Общество с ограниченной ответственностью ""Роял Капитал""",4025428684,Биржевые облигации бездокументарные процентные неконвертируемые с централизованным учетом прав серии БО-П09,Бездокументарная,С централизованным учетом,4B02-09-00382-R-001P,7 июля 2023 г.,1 000.00,Рубли,8 июля 2026 г.,,,,,,,,
218,RU000A106JB0,11 июля 2023 г.,Параметры ценной бумаги (выпуска),Банк ВТБ (публичное акционерное общество),7702070139,Биржевые облигации дисконтные неконвертируемые бездокументарные с централизованным учетом прав серии КС-4-500,Бездокументарная,С централизованным учетом,4B02-500-01000-B-005P,25 апреля 2023 г.,1 000.00,Рубли,13 июля 2023 г.,,,,,,,,
219,RU000A1067N2,11 мая 2023 г.,Параметры ценной бумаги (выпуска),Банк ВТБ (публичное акционерное общество),7702070139,Биржевые облигации процентные дисконтные неконвертируемые бездокументарные с централизованным учетом прав серии Б-1-326,Бездокументарная,С централизованным учетом,4B02-326-01000-B-001P,21 февраля 2023 г.,1 000.00,Рубли,,,,,,,,,
220,RU000A1067L6,11 мая 2023 г.,Параметры ценной бумаги (выпуска),Банк ВТБ (публичное акционерное общество),7702070139,Биржевые облигации дисконтные неконвертируемые бездокументарные с централизованным учетом прав серии КС-4-458,Бездокументарная,С централизованным учетом,4B02-458-01000-B-005P,25 апреля 2023 г.,1 000.00,Рубли,13 мая 2023 г.,,,,,,,,
221,RU000A106375,11 апреля 2023 г.,Параметры ценной бумаги (выпуска),"Общество с ограниченной ответственностью ""Газпром капитал""",7726588547,Бездокументарные процентные неконвертируемые облигации серии 07,Бездокументарная,С централизованным учетом,4-11-36400-R,4 апреля 2023 г.,1 000.00,Рубли,5 апреля 2028 г.,,,,,,,,
222,RU000A106359,11 апреля 2023 г.,Параметры ценной бумаги (выпуска),"Общество с ограниченной ответственностью ""Экспомобилити""",7708379460,Коммерческие облигации бездокументарные с централизованным учетом прав неконвертируемые процентные серии КО-П07,Бездокументарная,С централизованным учетом,4CDE-07-00608-R-001P,27 марта 2023 г.,1 000.00,Рубли,9 апреля 2026 г.,,,,,,,,
223,RU000A106367,11 апреля 2023 г.,Параметры ценной бумаги (выпуска),Банк ВТБ (публичное акционерное общество),7702070139,Биржевые облигации дисконтные неконвертируемые бездокументарные с централизованным учетом прав серии КС-4-439,Бездокументарная,С централизованным учетом,4B02-439-01000-B-005P,6 февраля 2023 г.,1 000.00,Рубли,13 апреля 2023 г.,,,,,,,,
224,RU000A106342,10 апреля 2023 г.,Параметры ценной бумаги (выпуска),"Акционерное общество ""Сбербанк КИБ""",7710048970,Облигации структурные бездокументарные с централизованным учетом прав серии CIB-СО-503 неконвертируемые с залоговым обеспечением процентные,Бездокументарная,С централизованным учетом,6-503-01793-A,6 апреля 2023 г.,1 000.00,Рубли,,,,,,,,,
225,RU000A106334,10 апреля 2023 г.,Параметры ценной бумаги (выпуска),"Акционерное общество ""Сбербанк КИБ""",7710048970,Облигации структурные бездокументарные с централизованным учетом прав серии CIB-СО-502 неконвертируемые с залоговым обеспечением процентные,Бездокументарная,С централизованным учетом,6-502-01793-A,6 апреля 2023 г.,1 000.00,Рубли,,,,,,,,,
226,RU000A106326,10 апреля 2023 г.,Параметры ценной бумаги (выпуска),"Акционерное общество ""Сбербанк КИБ""",7710048970,Облигации структурные бездокументарные с централизованным учетом прав серии CIB-СО-501 неконвертируемые с залоговым обеспечением процентные,Бездокументарная,С централизованным учетом,6-501-01793-A,6 апреля 2023 г.,1 000.00,Рубли,,,,,,,,,
227,RU000A106318,10 апреля 2023 г.,Параметры ценной бумаги (выпуска),"Акционерное общество ""Сбербанк КИБ""",7710048970,Облигации структурные бездокументарные с централизованным учетом прав серии CIB-СО-500 неконвертируемые с залоговым обеспечением процентные,Бездокументарная,С централизованным учетом,6-500-01793-A,6 апреля 2023 г.,1 000.00,Рубли,,,,,,,,,
228,RU000A106300,10 апреля 2023 г.,Параметры ценной бумаги (выпуска),"Акционерное общество ""Сбербанк КИБ""",7710048970,Облигации структурные бездокументарные с централизованным учетом прав серии CIB-СО-499 неконвертируемые с залоговым обеспечением процентные,Бездокументарная,С централизованным учетом,6-499-01793-A,6 апреля 2023 г.,1 000.00,Рубли,,,,,,,,,
229,RU000A1062X2,10 апреля 2023 г.,Параметры ценной бумаги (выпуска),"Общество с ограниченной ответственностью ""Автоэкспресс""",5432001836,Коммерческие облигации бездокументарные с централизованным учетом прав неконвертируемые процентные серии 3П-КО02,Бездокументарная,С централизованным учетом,4CDE-02-00557-R-003P,5 апреля 2023 г.,1 000.00,Рубли,8 апреля 2026 г.,,,,,,,,
230,RU000A105QZ6,11 января 2023 г.,Параметры ценной бумаги (выпуска),"Общество с ограниченной ответственностью ""Агротек""",4100006268,Биржевые облигации процентные неконвертируемые бездокументарные с централизованным учетом прав с обеспечением в форме поручительства серии БО-01,Бездокументарная,С централизованным учетом,4B02-01-00094-L,26 декабря 2022 г.,,Рубли,,,,,,,,,
231,RU000A105QY9,11 января 2023 г.,Параметры ценной бумаги (выпуска),Банк ВТБ (публичное акционерное общество),7702070139,Биржевые облигации дисконтные неконвертируемые бездокументарные с централизованным учетом прав серии КС-4-378,Бездокументарная,С централизованным учетом,4B02-378-01000-B-005P,22 ноября 2022 г.,1 000.00,Рубли,13 января 2023 г.,,,,,,,,
